Year-Week,COENF,DNNGY,DQ,ENPH,FSLR,GCTAY,ORA,RUN,SCTY,SPWR,TSLA,VWDRY
2004-45,,,,,,,15.86,,,,,
2004-46,,,,,,,15.860000000000003,,,,,
2004-47,,,,,,,16.82,,,,,
2004-48,,,,,,,17.470000000000002,,,,,
2004-49,,,,,,,16.890000000000004,,,,,
2004-50,,,,,,,17.748,,,,,
2004-51,,,,,,,17.302500000000002,,,,,
2004-52,,,,,,,16.924,,,,,
2005-01,,,,,,,15.741999999999999,,,,,
2005-02,,,,,,,15.780000000000001,,,,,
2005-03,,,,,,,15.712499999999999,,,,,
2005-04,,,,,,,15.838,,,,,
2005-05,,,,,,,15.782,,,,,
2005-06,,,,,,,15.829999999999998,,,,,
2005-07,,,,,,,15.986,,,,,
2005-08,,,,,,,15.3875,,,,,
2005-09,,,,,,,15.588,,,,,
2005-10,,,,,,,15.584,,,,,
2005-11,,,,,,,15.382,,,,,
2005-12,,,,,,,15.507499999999999,,,,,
2005-13,,,,,,,15.516,,,,,
2005-14,,,,,,,15.636,,,,,
2005-15,,,,,,,14.802000000000001,,,,,
2005-16,,,,,,,14.597999999999999,,,,,
2005-17,,,,,,,15.48,,,,,
2005-18,,,,,,,15.828000000000003,,,,,
2005-19,,,,,,,16.486,,,,,
2005-20,,,,,,,16.248,,,,,
2005-21,,,,,,,16.523999999999997,,,,,
2005-22,,,,,,,16.825,,,,,
2005-23,,,,,,,16.988,,,,,
2005-24,,,,,,,16.868000000000002,,,,,
2005-25,,,,,,,16.932,,,,,
2005-26,,,,,,,18.012,,,,,
2005-27,,,,,,,18.7,,,,,
2005-28,,,,,,,18.728,,,,,
2005-29,,,,,,,19.104,,,,,
2005-30,,,,,,,19.06,,,,,
2005-31,,,,,,,19.546,,,,,
2005-32,,,,,,,20.205999999999996,,,,,
2005-33,,,,,,,20.448,,,,,
2005-34,,,,,,,20.656,,,,,
2005-35,,,,,,,21.858,,,,,
2005-36,,,,,,,22.898,,,,,
2005-37,,,,,,,23.552,,,,,
2005-38,,,,,,,22.726000000000003,,,,,
2005-39,,,,,,,22.580000000000002,,,,,
2005-40,,,,,,,21.46,,,,,
2005-41,,,,,,,19.85,,,,,
2005-42,,,,,,,20.894,,,,,
2005-43,,,,,,,20.474,,,,,
2005-44,,,,,,,20.316,,,,,
2005-45,,,,,,,20.868000000000002,,,,,
2005-46,,,,,,,21.904,,,26.275,,
2005-47,,,,,,,23.5375,,,25.71,,
2005-48,,,,,,,25.204,,,25.212,,
2005-49,,,,,,,26.474,,,25.608000000000004,,
2005-50,,,,,,,27.951999999999998,,,28.544,,
2005-51,,,,,,,28.54,,,28.932,,
2005-52,,,,,,,26.3975,,,32.7825,,
2006-01,,,,,,,28.0625,,,33.030274999999996,,
2006-02,,,,,,,30.144,,,34.826,,
2006-03,,,,,,,32.8575,,,34.35,,
2006-04,,,,,,,35.624,,,33.168,,
2006-05,,,,,,,35.638,,,38.457800000000006,,
2006-06,,,,,,,39.824,,,37.029999999999994,,
2006-07,,,,,,,40.565999999999995,,,36.548,,
2006-08,,,,,,,36.3325,,,38.269999999999996,,
2006-09,,,,,,,39.304,,,43.55559999999999,,
2006-10,,,,,,,37.724000000000004,,,39.96,,
2006-11,,,,,,,37.821999999999996,,,40.454,,
2006-12,,,,,,,38.604,,,39.583999999999996,,
2006-13,,,,,,,39.578,,,38.934,,
2006-14,,,,,,,36.174,,,36.6957,,
2006-15,,,,,,,35.8725,,,35.48375,,
2006-16,,,,,,,35.9,,,39.036,,
2006-17,,,,,,,34.096,,,39.077999999999996,,
2006-18,,,,,,,35.86,,,39.438,,
2006-19,,,,,,,38.118,,,37.788,,
2006-20,,,,,,,37.434000000000005,,,31.838,,
2006-21,,,,,,,36.604,,,31.252,,
2006-22,,,,,,,38.31,,,30.355,,
2006-23,,,,,,,37.662,,,28.57,,
2006-24,,,,,,,33.678,,,26.85,,
2006-25,,,,,,,33.778000000000006,,,27.637999999999998,,
2006-26,,,,,,,36.336,,,27.606,,
2006-27,,,,,,,37.4775,,,28.127499999999998,,
2006-28,,,,,,,35.858000000000004,,,25.964,,
2006-29,,,,,,,34.46,,,26.309999999999995,,
2006-30,,,,,,,35.093999999999994,,,32.019999999999996,,
2006-31,,,,,,,37.512,,,32.164,,
2006-32,,,,,,,36.786,,,31.426,,
2006-33,,,,,,,35.641999999999996,,,32.256,,
2006-34,,,,,,,37.536,,,31.419999999999998,,
2006-35,,,,,,,37.10600000000001,,,31.144,,
2006-36,,,,,,,37.059999999999995,,,30.662499999999998,,
2006-37,,,,,,,34.727999999999994,,,29.124000000000002,,
2006-38,,,,,,,33.446,,,27.445999999999998,,
2006-39,,,,,,,32.902,,,27.262,,
2006-40,,,,,,,33.257999999999996,,,27.919999999999998,,
2006-41,,,,,,,35.132,,,29.588,,
2006-42,,,,,,,36.648,,,31.778,,
2006-43,,,,,,,38.18,,,31.703999999999997,,
2006-44,,,,,,,37.85,,,32.714,,
2006-45,,,,,,,37.784,,,33.702,,
2006-46,,,,,24.74,,38.013999999999996,,,37.574,,
2006-47,,,,,26.0575,,37.8125,,,38.505,,
2006-48,,,,,28.196000000000005,,36.809999999999995,,,37.446000000000005,,
2006-49,,,,,27.401999999999997,,39.372,,,37.85,,
2006-50,,,,,27.954,,38.29,,,38.306,,
2006-51,,,,,27.676,,37.382,,,37.32,,
2006-52,,,,,28.9025,,36.9075,,,36.49,,
2007-00,,,,,28.46666666666667,,37.98333333333334,,,36.419999999999995,,
2007-01,,,,,29.24,,38.288,,,40.714,,
2007-02,,,,,28.58,,37.557500000000005,,,42.332499999999996,,
2007-03,,,,,28.889999999999997,,38.072,,,41.902,,
2007-04,,,,,32.017999999999994,,39.192,,,44.288,,
2007-05,,,,,33.136,,42.071999999999996,,,45.202,,
2007-06,,,,,40.267999999999994,,42.168,,,44.416,,
2007-07,,,,,49.75750000000001,,42.6025,,,46.1525,,
2007-08,,,,,48.55200000000001,,40.756,,,43.13199999999999,,
2007-09,,,,,48.39602,,38.372,,,41.41199999999999,,
2007-10,,,,,54.06,,38.842,,,43.471999999999994,,
2007-11,,,,,55.138,,40.294000000000004,,,41.718,,
2007-12,,,,,54.431999999999995,,41.08800000000001,,,45.342,,
2007-13,,,,,56.347500000000004,,41.325,,,47.942499999999995,,
2007-14,,,,,60.8116,,40.99,,,50.626000000000005,,
2007-15,,,,,62.03398,,41.436,,,54.952,,
2007-16,,,,,63.85799999999999,,41.066,,,57.988,,
2007-17,,,,,59.715999999999994,,37.672,,,57.951,,
2007-18,,,,,68.72,,37.282,,,57.212,,
2007-19,,,,,64.2692,,35.126,,,55.05,,
2007-20,,,,,64.91000000000001,,36.21,,,53.52,,
2007-21,,,,,67.91000000000001,,36.027499999999996,,,53.647499999999994,,
2007-22,,,,,70.74600000000001,,34.69799999999999,,,54.036,,
2007-23,,,,,73.88,,35.858,,,55.54600000000001,,
2007-24,,,,,80.63799999999999,,36.196,,,60.09000000000001,,
2007-25,,,,,88.53999999999999,,36.582,,,63.148,,
2007-26,,,,,95.5125,,39.2425,,,66.1375,,
2007-27,,,,,115.64202,,40.862,,,68.13398,,23.5
2007-28,7.108,,,,110.63,,40.489999999999995,,,68.806,,23.560000000000002
2007-29,7.1,,,,108.41398,,39.292,,,67.86800000000001,,23.03
2007-30,7.1,,,,108.98800000000001,,40.298,,,69.768,,22.51
2007-31,7.05,,,,102.16801999999998,,44.455999999999996,,,72.648,,22.04
2007-32,7.05,,,,88.342,,41.54600000000001,,,68.476,,19.6
2007-33,7.05,,,,96.264,,43.422,,,64.298,,21.589999999999996
2007-34,7.05,,,,97.762,,42.166,,,63.822,,22.3
2007-35,7.05,,,,104.45,,44.092499999999994,,,71.97999999999999,,22.2625
2007-36,7.05,,,,99.794,,43.65,,,73.416,,22.279999999999998
2007-37,7.05,,,,102.50402,,44.54600000000001,,,80.412,,23.890000000000004
2007-38,6.890000000000001,,,,113.75798,,45.616,,,81.932,,26.160000000000004
2007-39,6.85,,,,131.05602,,48.534000000000006,,,87.058,,26.76
2007-40,6.85,,,,135.22797999999997,,50.04,,,88.374,,28.8
2007-41,6.85,,,,137.356,,50.444,,,92.954,,28.29
2007-42,6.85,,,,147.17,,49.57600000000001,,,109.46,,28.990000000000002
2007-43,6.85,,,,153.334,,52.58200000000001,,,123.274,,29.630000000000003
2007-44,6.85,,,,183.10002000000003,,52.802,,,138.88400000000001,,33.378
2007-45,6.85,,,,190.94799999999998,,49.766000000000005,,,113.816,,32.5
2007-46,6.85,,,,211.43,,47.81999999999999,,,107.44749999999999,,27.883333333333336
2007-47,6.85,,,,222.16600000000003,,48.78399999999999,,,116.71599999999998,,30.624000000000002
2007-48,6.85,,,,224.712,,51.290000000000006,,,129.052,,33.284000000000006
2007-49,6.85,,,,245.6024,,52.41799999999999,,,127.78198,,33.6
2007-50,6.85,,,,247.81,,53.19799999999999,,,127.32000000000001,,32.678
2007-51,6.85,,,,273.6225,,56.4275,,,136.4875,,35.0725
2007-52,6.85,,,,267.14,,55.01,,,130.39,,36.65
2008-00,6.849999999999999,,,,259.71666666666664,,54.99666666666667,,,128.37666666666667,,35.900000000000006
2008-01,6.85,,,,229.712,,53.56400000000001,,,112.686,,32.802
2008-02,6.447999999999999,,,,190.838,,47.144,,,91.214,,29.590000000000003
2008-03,6.18,,,,172.56875,,41.6275,,,73.6675,,29.8875
2008-04,5.57,,,,184.192,,42.622,,,71.86600000000001,,32.370000000000005
2008-05,5.55,,,,176.27996,,40.74399999999999,,,66.536,,33.702
2008-06,5.55,,,,207.43199999999996,,41.803999999999995,,,77.022,,34.55
2008-07,5.55,,,,213.06855,,43.5075,,,72.03,,35.3
2008-08,5.55,,,,213.53824,,44.274,,,68.072,,36.026
2008-09,5.55,,,,205.7732,,43.634,,,65.30602,,35.71
2008-10,5.87,,,,197.7376,,42.35,,,60.652,,35.71
2008-11,7.15,,,,197.1375,,41.625,,,58.6,,35.71
2008-12,7.15,,,,221.11800000000002,,42.144,,,71.704,,35.71
2008-13,7.15,,,,249.56400000000002,,45.278000000000006,,,81.208,,35.71
2008-14,7.15,,,,270.722,,46.21400000000001,,,88.152,,35.71
2008-15,7.15,,,,286.09602,,48.660000000000004,,,91.542,,35.71
2008-16,7.15,,,,289.552,,49.28,,,89.566,,35.71
2008-17,7.15,,,,280.40402,,50.586,,,85.256,,35.71
2008-18,7.15,,,,276.908,,52.053999999999995,,,82.986,,35.71
2008-19,7.15,,,,302.936,,50.242,,,90.348,,35.71
2008-20,7.15,,,,284.86400000000003,,49.58,,,86.22999999999999,,35.71
2008-21,7.15,,,,264.495,,49.192499999999995,,,80.84,,35.71
2008-22,7.55,,,,252.76999999999998,,51.624,,,79.316,,35.71
2008-23,7.55,,,,255.858,,53.105999999999995,,,74.898,,35.71
2008-24,7.55,,,,275.582,,54.07000000000001,,,83.00800000000001,,35.71
2008-25,7.55,,,,281.174,,51.553999999999995,,,78.78,,35.71
2008-26,7.55,,,,261.2475,,48.405,,,66.4425,,35.71
2008-27,7.55,,,,268.65999999999997,,46.794,,,66.28999999999999,,35.71
2008-28,7.55,,,,281.85,,47.356,,,76.29999999999998,,35.71
2008-29,7.55,,,,266.78000000000003,,47.018,,,76.176,,35.71
2008-30,7.55,,,,279.048,,46.486000000000004,,,76.982,,35.71
2008-31,7.55,,,,264.87399999999997,,46.986,,,74.42800000000001,,35.71
2008-32,7.55,,,,256.67600000000004,,48.164,,,80.61599999999999,,35.71
2008-33,7.55,,,,270.148,,49.232000000000006,,,92.226,,35.71
2008-34,7.55,,,,275.09,,49.910000000000004,,,94.51599999999999,,35.71
2008-35,7.55,,,,245.22,,46.0475,,,86.725,,35.71
2008-36,7.55,,,,211.70800000000003,,41.88,,,80.80799999999999,,35.71
2008-37,7.55,,,,218.98200000000003,,40.414,,,79.33000000000001,,35.71
2008-38,7.55,,,,216.76999999999998,,41.412,,,89.04400000000001,,35.71
2008-39,7.55,,,,181.506,,34.428000000000004,,,69.58399999999999,,35.71
2008-40,7.55,,,,130.138,,26.433999999999997,,,50.202,,35.71
2008-41,7.55,,,,137.45999999999998,,29.377999999999997,,,48.104,,35.71
2008-42,7.55,,,,133.53,,27.494,,,45.788,,35.71
2008-43,7.55,,,,125.104,,23.576,,,36.758,,13.23
2008-44,7.55,,,,156.958,,26.689999999999998,,,38.89,,16.13
2008-45,7.55,,,,124.30999999999999,,28.636000000000003,,,27.93,,15.014
2008-46,7.55,,,,101.456,,26.26,,,23.747999999999998,,12.808000000000002
2008-47,7.55,,,,120.60499999999999,,29.445,,,31.8925,,15.225000000000001
2008-48,7.55,,,,122.11599999999999,,29.284,,,31.191999999999997,,14.84
2008-49,7.55,,,,121.224,,30.746000000000002,,,32.416000000000004,,16.478
2008-50,7.55,,,,131.66199999999998,,30.518000000000008,,,33.86,,17.866
2008-51,7.55,,,,134.78,,29.222499999999997,,,34.4525,,18.41
2008-52,7.55,,,,136.53333333333333,,30.180000000000003,,,36.233333333333334,,19.243333333333332
2009-00,7.55,,,,151.5,,32.01,,,41.4,,21.0
2009-01,7.55,,,,155.582,,32.08800000000001,,,40.754000000000005,,20.688
2009-02,7.55,,,,142.482,,29.806,,,33.398,,18.79
2009-03,7.55,,,,138.4975,,30.05,,,30.695000000000004,,17.23
2009-04,7.55,,,,141.14000000000001,,31.998,,,30.214,,17.214000000000002
2009-05,7.55,,,,143.946,3.29,33.998000000000005,,,34.086,,16.1
2009-06,7.55,,,,146.21599999999998,3.4579999999999997,33.172000000000004,,,35.012,,16.740000000000002
2009-07,4.25,,,,132.04000000000002,3.35,31.735000000000003,,,31.827499999999997,,16.725
2009-08,3.15,,,,116.18199999999999,3.35,27.689999999999998,,,30.165999999999997,,15.156
2009-09,3.15,,,,109.18799999999999,2.65,23.432,,,25.002,,13.414000000000001
2009-10,3.15,,,,120.826,2.65,24.57,,,23.851999999999997,,13.608
2009-11,3.15,,,,120.926,2.65,26.572000000000003,,,22.542,,14.64
2009-12,3.15,,,,138.50799999999998,2.7199999999999998,27.648000000000003,,,24.956000000000003,,14.858
2009-13,3.15,,,,135.472,2.84,27.839999999999996,,,24.484,,15.983999999999998
2009-14,3.15,,,,137.255,3.115,29.5575,,,24.2575,,17.0155
2009-15,3.15,,,,146.436,3.382,31.136000000000003,,,26.214,,18.113999999999997
2009-16,3.15,,,,143.09,3.25,31.169999999999998,,,25.633999999999997,,18.171999999999997
2009-17,3.15,,,,163.70199999999997,3.6740000000000004,33.525999999999996,,,25.16,,21.078000000000003
2009-18,3.15,,,,194.209,4.042,36.736000000000004,,,29.04,,25.006
2009-19,3.75,,,,184.32800000000003,3.9799999999999995,38.576,,,26.1,,24.125999999999998
2009-20,3.75,,,,192.38400000000001,4.35,36.78,,,27.232,,25.514
2009-21,3.75,,,,183.56,4.675,38.3,,,28.0075,,24.955
2009-22,3.75,,,,183.684,4.372,40.606,,,29.983999999999998,,24.16
2009-23,3.75,,,,184.3,4.074,40.604,,,31.380000000000003,,24.47
2009-24,3.75,,,,172.608,3.904,39.344,,,28.774,,23.74
2009-25,3.75,,,,163.622,3.6800000000000006,39.596000000000004,,,26.804000000000002,,23.205999999999996
2009-26,3.75,,,,157.22249999999997,3.9375000000000004,40.65,,,26.5425,,23.85
2009-27,3.75,,,,146.62600000000003,3.7079999999999997,37.13,,,23.488,,22.754
2009-28,3.75,,,,145.13400000000001,3.6719999999999997,38.634,,,23.296,,23.816
2009-29,3.75,,,,156.12199999999999,3.992,39.21,,,25.618000000000002,,24.298
2009-30,3.75,,,,167.066,4.29,39.4,,,31.816000000000003,,23.29
2009-31,3.75,,,,148.466,4.31,39.767999999999994,,,31.401999999999997,,23.602
2009-32,3.75,,,,145.07999999999998,4.484,37.936,,,29.148000000000003,,24.555999999999997
2009-33,3.75,,,,130.188,4.446,36.688,,,26.524,,24.262
2009-34,3.75,,,,125.82000000000001,4.622,37.315999999999995,,,26.162,,24.5
2009-35,4.15,,,,119.258,4.45,35.56,,,25.127999999999997,,24.238
2009-36,4.15,,,,136.98,4.655,37.8525,,,27.935000000000002,,25.65
2009-37,4.15,,,,145.482,4.790000000000001,39.501999999999995,,,31.453999999999997,,24.936
2009-38,4.15,,,,153.95,4.7,39.14,,,31.326,,23.994
2009-39,4.15,,,,149.35,4.558,40.297999999999995,,,29.32,,23.56
2009-40,4.15,,,,153.498,4.318,40.147999999999996,,,29.742,,22.574
2009-41,4.15,,,,153.78799999999998,4.1259999999999994,40.965999999999994,,,32.368,,21.857999999999997
2009-42,4.15,,,,153.924,3.9580000000000006,40.324,,,32.184,,22.558
2009-43,4.15,,,,141.01400000000004,3.904,38.504,,,25.951999999999998,,23.22
2009-44,4.15,,,,121.298,3.7700000000000005,37.27,,,25.732,,24.11
2009-45,4.15,,,,118.5836,3.964,37.988,,,26.815999999999995,,25.322000000000003
2009-46,4.15,,,,122.876,4.1160000000000005,40.74400000000001,,,22.888,,24.596
2009-47,4.15,,,,120.485,3.9225,40.655,,,20.702499999999997,,24.1475
2009-48,4.15,,,,124.1161,3.7299999999999995,42.209999999999994,,,21.728,,23.512
2009-49,4.25,,,,134.024,3.714,41.932,,,23.34,,21.902
2009-50,4.25,,,,137.156,3.37,39.158,,,24.046,,20.497999999999998
2009-51,4.25,,,,134.71750000000003,3.3375,38.212500000000006,,,24.3575,,19.3625
2009-52,4.25,,,,135.64,3.19,38.1175,,,23.965000000000003,,19.935000000000002
2010-01,4.25,,,,138.608,3.526,37.634,,,25.139999999999997,,20.688000000000002
2010-02,4.25,,,,130.45,3.604,37.238,,,24.712,,21.18
2010-03,4.25,,,,118.73875,3.3074999999999997,36.54,,,22.0425,,19.4825
2010-04,4.25,,,,113.728,3.0759999999999996,35.416,,,20.934,,17.838
2010-05,4.25,,,,116.31599999999999,2.768,34.896,,,20.506,,17.378
2010-06,4.25,,,,112.548,2.5380000000000003,33.686,,,19.52,,16.881999999999998
2010-07,4.25,,,,121.9675,2.7775,34.105,,,20.1,,17.46
2010-08,4.25,,,,106.54400000000001,2.5620000000000003,31.877999999999997,,,18.978,,17.066
2010-09,4.25,,,,107.4375,2.528,29.432,,,19.752000000000002,,16.594
2010-10,4.25,,,,111.006,2.59,30.29,,,20.845999999999997,,16.808
2010-11,4.25,,,,114.623,2.648,29.874000000000002,,,21.012,,16.736
2010-12,4.25,,,,111.876,2.67,28.444,,,18.284,,17.5202
2010-13,4.35,,,,121.37500000000001,2.7550000000000003,28.205,,,18.9575,,18.035
2010-14,4.7,,,,123.95,2.848,29.406,,,18.784,,19.198
2010-15,4.7,,,,131.88600000000002,3.0100000000000002,30.856,,,18.338,,20.144
2010-16,4.7,,,,133.044,2.782,30.866000000000003,,,18.195999999999998,,20.318
2010-17,4.7,,,,136.658,2.4059999999999997,31.877999999999997,,,17.066000000000003,,20.404
2010-18,4.7,,,,133.07599999999996,2.1439999999999997,30.462,,,15.626,,18.221999999999998
2010-19,4.7,,,,126.51199999999999,2.168,30.264,,,14.386,,17.686
2010-20,4.7,,,,111.36000000000001,1.9739999999999998,28.625999999999998,,,11.588,,16.54
2010-21,4.7,,,,112.06799999999998,1.8940000000000001,27.594,,,11.776000000000002,,15.884
2010-22,4.7,,,,110.2225,1.85,27.575,,,12.845,,15.432500000000001
2010-23,4.7,,,,105.8115,1.7420000000000002,27.466,,,12.203999999999999,,14.985999999999999
2010-24,4.7,,,,118.14000000000001,1.9300000000000002,29.49,,,14.290000000000001,,16.256
2010-25,4.7,,,,119.83600000000001,1.9119999999999997,28.748,,,13.930000000000001,,15.475999999999999
2010-26,4.7,,,,117.09,1.7239999999999998,28.360000000000003,,,12.486,22.220000000000002,14.5
2010-27,4.7,,,,128.285,1.69,28.74,,,13.627500000000001,16.692500000000003,14.5
2010-28,4.7,,,,130.788,1.69,28.426,,,13.982,19.112000000000002,14.5
2010-29,4.7,,,,136.108,1.69,28.109999999999996,,,13.495999999999999,20.944,14.5
2010-30,4.7,,,,134.826,1.69,28.502,,,12.969999999999999,20.502,14.5
2010-31,4.196,,,,128.672,1.69,28.676,,,12.872,20.834000000000003,14.5
2010-32,4.07,,,,126.756,1.69,27.48,,,12.652,18.49,14.5
2010-33,4.07,,,,124.846,1.69,26.78,,,11.366000000000001,18.918,14.5
2010-34,4.07,,,,126.398,1.69,26.887999999999998,,,10.43,19.735999999999997,14.5
2010-35,4.07,,,,131.128,1.69,28.142000000000003,,,11.019499999999999,20.381999999999998,14.5
2010-36,4.07,,,,137.1975,1.69,28.5225,,,11.645,20.58,14.5
2010-37,4.372,,,,142.0,1.69,29.101999999999997,,,12.312,20.998,14.5
2010-38,4.5,,,,145.138,1.69,29.242,,,13.116,20.271000000000004,14.5
2010-39,4.5,,,,148.056,1.69,29.238,,,13.991999999999999,20.982999999999997,14.5
2010-40,4.5,,10.190000000000001,,140.344,1.69,29.868000000000002,,,13.662,20.686,14.5
2010-41,4.5,,12.807999999999998,,140.054,1.69,29.712,,,14.236,20.462,14.5
2010-42,4.5,,12.483999999999998,,145.0,1.69,28.853999999999996,,,13.639999999999997,20.48,14.5
2010-43,4.5,,13.334,,146.88600000000002,1.69,28.472,,,13.738,21.248,14.5
2010-44,4.5,,13.291999999999998,,137.006,1.69,28.156,,,13.738,22.753999999999998,14.5
2010-45,4.5,,14.3038,,139.666,1.69,27.232,,,14.13,27.369,14.5
2010-46,4.536,,12.344,,128.7135,1.69,27.208,,,13.290000000000001,30.168,14.5
2010-47,4.75,,11.699975000000002,,125.33500000000001,1.69,27.099999999999998,,,12.1175,34.69,14.5
2010-48,4.44,,11.294,,126.88999999999999,1.69,27.038,,,12.208000000000002,33.57,14.5
2010-49,4.4,,11.314,,133.9905,1.69,27.98,,,12.996500000000001,31.562,14.5
2010-50,4.4,,10.412,,135.57,1.69,28.298000000000002,,,13.52,30.170000000000005,14.5
2010-51,4.575,,10.1875,,132.21625,1.69,29.125,,,13.26375,31.67,14.5
2010-52,4.87,,10.103800000000001,,130.3,1.69,29.508000000000003,,,13.062000000000001,26.563800000000004,14.5
2011-01,4.85,,11.744,,132.722,1.69,29.669999999999998,,,13.523499999999999,27.248,14.5
2011-02,4.85,,13.292000000000002,,139.268,1.69,30.564,,,14.136,26.868000000000002,14.5
2011-03,4.77,,12.4125,,146.6075,1.69,30.66,,,14.4275,23.832500000000003,14.5
2011-04,4.9,,13.015,,151.478,1.69,30.868000000000002,,,13.874,24.57,14.5
2011-05,4.9,,13.87622,,159.038,1.69,30.724,,,14.532,23.808,14.5
2011-06,4.9,,13.421800000000001,,159.328,1.69,29.782,,,15.585500000000001,23.447000000000003,14.5
2011-07,4.9,,13.275979999999999,,168.406,1.69,29.194,,,17.135999999999996,23.486,14.5
2011-08,4.862500000000001,,12.362499999999999,,161.88,1.69,25.490000000000002,,,17.9,22.46,14.5
2011-09,4.840000000000001,,12.0798,,146.57599999999996,1.69,24.572,,,16.934,24.232,14.5
2011-10,4.9,,11.835999999999999,,141.642,1.69,23.549999999999997,,,15.24,24.48,14.5
2011-11,4.459999999999999,,12.748000000000001,,152.91199999999998,1.69,24.473999999999997,,,15.481,22.958000000000006,14.5
2011-12,4.529999999999999,,13.164000000000001,,149.93,1.69,24.951999999999998,,,16.206,22.442,14.5
2011-13,4.572,,12.904,,157.198,1.69,25.188,,,16.946,25.058,14.5
2011-14,4.8,,12.052,,151.198,1.904,25.874000000000002,,,17.253999999999998,26.55,13.618
2011-15,4.7,,11.236,,142.26399999999998,2.0140000000000002,25.202,,,16.214,25.113999999999997,12.696000000000002
2011-16,4.55,,11.615000000000002,,136.7225,1.7825000000000002,25.0475,,,15.4475,25.669999999999998,11.67
2011-17,4.7,,12.16,,137.55,1.766,25.0,,,17.08,27.131999999999998,11.728
2011-18,4.8,,12.216,,131.274,1.734,23.672000000000004,,,21.473999999999997,26.913999999999998,10.972
2011-19,4.8,,13.309999999999999,,128.11399999999998,1.7,22.812,,,21.41,27.706,9.99
2011-20,4.8,,11.528,,127.178,1.814,23.326,,,21.132,27.016,10.3275
2011-21,4.8,,11.104000000000003,,121.58699999999999,1.746,22.259999999999998,,,20.85,28.310000000000002,9.562000000000001
2011-22,4.8125,,10.280000000000001,,120.78999999999999,1.83,21.505000000000003,,,20.97,29.38675,9.845
2011-23,4.79,,8.4,,116.006,1.7579999999999998,21.368000000000002,,,21.118000000000002,27.934000000000005,9.516
2011-24,4.676,,8.482000000000001,,118.55,1.6800000000000002,22.426,,,18.639999999999997,27.47,9.1
2011-25,4.67,,7.874,,122.326,1.5219999999999998,22.404000000000003,,,17.086,27.205000000000002,7.787000000000001
2011-26,4.67,,7.723000000000001,,127.208,1.4483599999999999,22.084,,,18.51,28.401999999999997,7.683
2011-27,4.67,,7.21,,132.2725,1.495,22.582500000000003,,,19.802500000000002,29.16,8.2175
2011-28,4.67,,6.543000000000001,,124.78200000000001,1.416,21.804,,,21.05,28.07,8.036
2011-29,4.67,,6.404000000000001,,123.70900000000002,1.3960000000000001,21.68,,,22.494,28.360000000000003,7.892
2011-30,4.67,,6.351999999999999,,118.67,1.416,21.252000000000002,,,19.9,28.094,7.587999999999999
2011-31,4.566,,6.866,,112.21,1.24322,19.092000000000002,,,18.163999999999998,26.46,6.7219999999999995
2011-32,4.15,,6.045999999999999,,101.422,1.064,16.674,,,15.758999999999997,24.826,6.076
2011-33,4.15,,6.0200000000000005,,98.69399999999999,1.0500000000000003,17.278000000000002,,,15.051999999999998,24.944,6.34
2011-34,4.15,,5.502,,95.00399999999999,0.982,15.985999999999999,,,13.719999999999999,23.124000000000002,6.612
2011-35,4.15,,5.702,,98.252,1.0539999999999998,16.368000000000002,,,13.797999999999998,24.23,6.792
2011-36,4.15,,5.154999999999999,,87.3425,0.895,15.192499999999999,,,12.5925,23.34,6.0325
2011-37,4.15,,4.882,,88.95,0.868,15.453999999999999,,,11.954,24.384,5.901999999999999
2011-38,4.15,,4.112,,74.74600000000001,0.78,15.187999999999999,,,9.755999999999998,25.927999999999997,5.4
2011-39,4.15,,3.5100000000000002,,67.39599999999999,0.80356,16.442,,,8.878,24.962,5.456
2011-40,4.15,,3.5840000000000005,,60.20400000000001,0.8160000000000001,17.1,,,7.784000000000001,25.342,5.220000000000001
2011-41,4.15,,3.8619999999999997,,57.169999999999995,0.9199999999999999,19.016000000000002,,,8.486,27.856,5.624
2011-42,4.15,,3.4440000000000004,,53.20399999999999,0.884,18.954,,,9.046000000000001,27.740000000000002,5.558
2011-43,4.35,,3.378,,50.844,0.9579999999999999,19.142000000000003,,,10.072,28.682,6.62
2011-44,4.4,,3.286,,48.31,0.9800000000000001,18.815999999999995,,,9.206,30.346000000000004,5.08
2011-45,4.4,,2.958,,46.297999999999995,0.8459999999999999,18.640000000000004,,,8.528,31.791999999999994,4.869999999999999
2011-46,4.4,,2.21,,44.95399999999999,0.806,18.832,,,7.351999999999999,33.674,4.582
2011-47,4.4,,1.9849999999999999,,41.5575,0.7799999999999999,17.349999999999998,,,6.7524999999999995,31.735,4.215
2011-48,4.4,,2.208,,46.31000000000001,0.7542,18.072,,,7.345999999999999,32.589999999999996,4.3740000000000006
2011-49,4.4,,1.921,,46.538,0.798,18.222,,,6.797999999999999,33.082,4.256
2011-50,4.4,,1.7,,36.748000000000005,0.8800000000000001,17.156,,,5.7059999999999995,29.002,3.722
2011-51,4.4,,1.6099999999999999,,32.806000000000004,0.8800000000000001,17.908,,,5.618,27.778,3.442
2011-52,4.4,,1.665,,32.92,0.7275,18.0225,,,6.0125,28.5925,3.4124999999999996
2012-01,4.005,,1.9075,,35.31,0.7050000000000001,18.2725,,,6.515000000000001,27.455,3.4025000000000003
2012-02,4.02,,2.336,,39.784000000000006,0.636,17.874000000000002,,,7.194,26.828000000000003,3.3840000000000003
2012-03,3.8549999999999995,,2.5275000000000003,,40.035000000000004,0.6599999999999999,17.9025,,,7.325,26.692500000000003,3.5775
2012-04,3.8,,2.5199999999999996,,40.208,0.71,17.808,,,6.882,28.086000000000002,3.7640000000000002
2012-05,3.8,,2.568,,43.732,0.76,16.621999999999996,,,7.3420000000000005,29.924,3.854
2012-06,3.8,,3.418,,46.366,0.8299999999999998,16.934,,,7.868,31.802000000000003,3.654
2012-07,3.8959999999999995,,3.5459999999999994,,40.468,0.726,17.524,,,7.6579999999999995,33.482,3.138
2012-08,4.04,,3.5425,,38.9025,0.7,18.875,,,8.11625,34.25,3.4074999999999998
2012-09,4.0840000000000005,,3.018,,33.054,0.6699999999999999,19.829999999999995,,,7.529999999999999,33.858,3.414
2012-10,4.15,,2.7439799999999996,,27.03,0.6580000000000001,19.704,,,7.016000000000001,33.562,3.2439999999999998
2012-11,4.15,,2.8192999999999997,,27.434000000000005,0.6559999999999999,20.08,,,7.3420000000000005,35.541999999999994,3.436
2012-12,4.15,,2.6100000000000003,,27.104000000000003,0.6348,20.526000000000003,,,7.144,34.714,3.5020000000000002
2012-13,3.9200000000000004,,2.222,7.34,25.554,0.596,20.732,,,6.558,37.552,3.444
2012-14,3.92,,2.08,7.5825,22.46,0.5549999999999999,19.8225,,,5.972499999999999,36.0175,3.17
2012-15,3.9200000000000004,,1.94,7.116,21.38,0.5825,18.372,,,5.748,33.146,2.9400000000000004
2012-16,3.9200000000000004,,1.8699999999999999,7.101999999999999,21.436,0.5965,18.252000000000002,,,5.787999999999999,32.694,3.068
2012-17,3.9200000000000004,,1.83,6.8759999999999994,18.57,0.578,18.792,,,5.462000000000001,32.7,3.0159999999999996
2012-18,3.9200000000000004,,1.888,8.075999999999999,18.008,0.516,19.534,,,5.73,33.028,2.7600000000000002
2012-19,3.9200000000000004,,1.704,8.5,16.672,0.46399999999999997,20.246,,,5.564,31.586000000000002,2.488
2012-20,3.9200000000000004,,1.592,8.268,14.790200000000002,0.388,21.07,,,5.3,28.959999999999997,2.216
2012-21,3.9200000000000004,,1.366,7.926,14.047999999999998,0.366,20.588,,,5.351999999999999,30.142000000000003,2.0925
2012-22,3.92,,1.230025,6.915,12.990000000000002,0.39999999999999997,20.17,,,5.077500000000001,29.9375,2.0125
2012-23,3.6980000000000004,,1.21402,6.112,12.775,0.3403,20.580000000000002,,,4.781000000000001,28.803999999999995,1.7520000000000002
2012-24,3.55,,1.1320000000000001,6.959999999999999,13.704000000000002,0.368,20.772,,,4.812,29.57,1.6239999999999999
2012-25,3.55,,1.008,6.792,15.01,0.40199999999999997,20.982,,,4.982,32.737,1.6600000000000001
2012-26,3.55,,0.876,6.1259999999999994,15.049000000000001,0.394,21.131999999999998,,,4.795,31.875999999999998,1.6341999999999999
2012-27,3.55,,0.855,6.202500000000001,15.347499999999998,0.42000000000000004,21.2275,,,5.0975,30.82,1.605
2012-28,3.55,,0.9279800000000001,5.856,14.312000000000001,0.3982,19.112,,,4.57,32.244,1.3800000000000001
2012-29,3.55,,0.959,5.853999999999999,14.766000000000002,0.42800000000000005,19.044,,,4.467,33.104,1.374
2012-30,3.55,,0.9438000000000001,5.901999999999999,14.193000000000001,0.5,17.98,,,3.918,29.418,1.3287
2012-31,3.55,,0.922,5.832000000000001,15.907999999999998,0.324,18.630000000000003,,,3.908,26.878000000000004,1.442
2012-32,3.55,,0.9841999999999999,5.851999999999999,20.856,0.49000000000000005,20.026,,,4.414,29.392000000000003,1.5080000000000002
2012-33,3.55,,0.9559999999999998,5.12,20.875,0.49000000000000005,19.74,,,4.398999999999999,30.060000000000002,1.5955
2012-34,3.55,,0.9718,5.056,23.982,0.43599999999999994,20.576,,,4.912,29.76,1.786
2012-35,3.55,,0.9110199999999999,5.016,23.0204,0.334,19.636,,,4.6979999999999995,28.47,2.1260000000000003
2012-36,3.55,,0.83005,4.9375,19.51,0.31,18.89,,,4.3175,28.494999999999997,2.56525
2012-37,3.55,,0.817,4.85,22.457,0.353,19.196,,,4.796,28.663999999999998,2.3035
2012-38,3.55,,0.82668,5.0600000000000005,22.727200000000003,0.365,19.038,,,4.768,31.169999999999998,2.2544999999999993
2012-39,3.55,,0.8015000000000001,4.624,21.5335,0.37699999999999995,18.944,,,4.590999999999999,28.726,2.4219999999999997
2012-40,4.069999999999999,,0.8295999999999999,3.8339999999999996,21.885040000000004,0.362,18.721999999999998,,,4.526000000000001,29.310000000000002,2.146
2012-41,4.392000000000001,,0.8315999999999999,3.414,21.186,0.35,19.201999999999998,,,4.64,28.396000000000004,2.032
2012-42,4.44,,0.8257999999999999,3.7159999999999997,24.03802,0.38519999999999993,19.448,,,4.66802,27.99782,1.9442
2012-43,4.44,,0.81882,3.5140000000000002,23.642639999999997,0.39399999999999996,18.764000000000003,,,4.334,27.712,1.7594999999999998
2012-44,4.44,,0.8107666666666667,3.5,23.86293333333333,0.39399999999999996,19.220000000000002,,,4.3566666666666665,28.765,1.8233333333333335
2012-45,4.44,,0.7882,3.066,24.097900000000003,0.39399999999999996,18.872,,,4.524,31.163999999999998,1.5745
2012-46,4.206,,0.7867000000000001,2.146,24.01404,0.5,17.520000000000003,,,4.21406,31.344839999999998,1.356
2012-47,4.05,,0.785075,2.5300000000000002,24.235,0.5,17.3275,,,4.02125,32.63,1.3806250000000002
2012-48,4.05,,0.83446,2.6979999999999995,26.56402,0.45999999999999996,17.846,,,4.448,33.032,1.594
2012-49,4.05,,0.7713,2.81,29.53632,0.4298,18.29,,,4.651939999999999,34.06,1.6862
2012-50,4.05,,0.914,2.93,31.488,0.39,19.356,,,5.266,34.50599999999999,1.722
2012-51,4.05,,2.10326,3.218,32.04602,0.39,20.188,,,5.329,34.406,1.954
2012-52,4.05,,7.7225,3.3074999999999997,30.1775,0.4353,19.465,,,5.5625,33.695,1.97
2012-53,4.05,,7.96,3.65,30.8556,0.4504,19.28,,,5.62,33.87,1.885
2013-00,4.05,,8.39,3.8066666666666666,33.32906666666667,0.49499999999999994,19.966666666666665,,,7.976666666666667,34.843333333333334,1.9733333333333334
2013-01,4.05,,8.790000000000001,3.742,31.653999999999996,0.5132000000000001,19.869999999999997,,,8.028,33.62,2.194
2013-02,4.05,,8.978000000000002,3.832,30.832299999999996,0.52,19.768,,,7.784000000000001,34.032,2.266
2013-03,4.05,,13.645,3.7225,30.810000000000002,0.493,20.189999999999998,,,7.992750000000001,36.29,2.2675
2013-04,4.05,,11.952,3.816,28.412,0.42400000000000004,21.139999999999997,,,7.798,37.862,2.1180000000000003
2013-05,4.05,,11.187999999999999,4.164000000000001,30.0,0.394,20.695999999999998,,,8.08,38.752,2.18
2013-06,4.394,,13.764000000000001,4.642,33.512,0.5008,21.121999999999996,,,10.528,38.019999999999996,2.3265000000000002
2013-07,4.48,,12.465,5.17,34.870000000000005,0.5644999999999999,21.474999999999998,,,12.807500000000001,37.272499999999994,2.3625000000000003
2013-08,4.48,,11.016,4.84,28.465999999999998,0.5599999999999999,20.946,,,11.773,34.678000000000004,2.34
2013-09,4.48,,9.777999999999999,4.894,25.6176,0.562,20.910000000000004,,,11.970000000000002,37.324,2.3695
2013-10,4.48,,8.634,5.674,26.96,0.6161999999999999,20.758000000000003,,,12.138,37.867999999999995,2.6287999999999996
2013-11,4.48,,7.845999999999999,5.8839999999999995,28.4224,0.6254000000000001,20.637999999999998,,,12.059999999999999,35.762,2.656
2013-12,4.48,,6.91,6.3999999999999995,27.502500000000005,0.6275,20.627499999999998,,,11.4675,37.86,2.6350000000000002
2013-13,4.48,,5.826,5.938000000000001,26.415000000000003,0.531,20.532,,,10.173999999999998,42.55,2.4722
2013-14,4.48,,5.959999999999999,5.976,35.4028,0.562,21.192,,,10.8018,42.306,2.664
2013-15,4.48,,4.74,5.554,37.334999999999994,0.6252000000000001,20.21,,,10.258,45.827999999999996,2.5615
2013-16,4.486400000000001,,4.492,6.386,42.55,0.634,21.008000000000003,,,11.862,50.965999999999994,2.664
2013-17,4.512,,5.24,7.268000000000001,46.07,0.8140000000000001,21.74,,,14.081999999999999,54.174,2.8577999999999997
2013-18,4.512,,5.294200000000001,7.746,46.5578,0.808,22.594,,,16.192,63.39209999999999,3.282
2013-19,4.6128,,6.779999999999999,9.191999999999998,49.897999999999996,0.8099999999999999,23.354000000000003,,,19.886000000000003,87.926,3.944
2013-20,4.6128,,8.506,8.578,53.21079999999999,0.8417999999999999,23.003999999999998,,,20.3278,90.916,4.089
2013-21,4.6128,,7.736000000000001,7.9475,53.103500000000004,0.855,22.862499999999997,,,19.7275,104.41825,4.830625
2013-22,4.6128,,6.872,7.0680000000000005,52.666,0.85,22.979999999999997,,,19.0,96.438,4.398000000000001
2013-23,4.6128,,7.0832,6.645999999999999,49.1824,0.8699999999999999,23.520000000000003,,,19.87,98.146,4.2642
2013-24,4.6128,,8.76,6.794,43.837199999999996,0.95,22.762,,,18.808,102.094,4.328
2013-25,4.6128,,8.83766,7.142,44.032,0.986,22.839999999999996,,,19.619,105.244,4.4159999999999995
2013-26,4.6128,,10.205,7.4825,45.85675,1.12,23.2825,,,22.502499999999998,117.58224999999999,4.715
2013-27,4.6128,,8.314000000000002,7.933999999999999,45.95,1.17,24.346,,,24.41,124.56800000000001,5.242
2013-28,4.6128,,9.686,7.892,49.08200000000001,1.2227999999999999,24.644000000000002,,,25.944,119.054,5.486000000000001
2013-29,4.6128,,10.524000000000001,6.804,47.779999999999994,1.3536000000000001,23.426000000000002,,,25.818,124.06599999999999,6.2218
2013-30,4.6128,,9.614,6.298,48.089999999999996,1.4390999999999998,22.928,,,25.942,134.83800000000002,6.717099999999999
2013-31,4.50312,,8.468,6.156000000000001,43.321999999999996,1.6480000000000001,23.497999999999998,,,22.684,145.508,6.869999999999999
2013-32,4.1659999999999995,,9.264,6.686,38.8172,1.6939999999999997,24.456,,,21.703999999999997,142.768,6.69
2013-33,4.159999999999999,,9.495999999999999,6.57,38.43,1.482,24.997999999999998,,,22.05,152.2558,6.367
2013-34,4.25,,9.657520000000002,6.610000000000001,37.356,1.392,25.326,,,21.766,166.548,6.1693
2013-35,4.25,,10.3993,6.91,37.2875,1.38,25.7725,,,22.535,169.1155,6.5725
2013-36,4.25,,12.547979999999999,7.8340000000000005,38.826,1.408,26.474,,,23.747999999999998,164.212,7.197360000000001
2013-37,4.25,,16.201999999999998,8.3,39.068,1.516,26.992,,,24.524,172.0676,7.4793199999999995
2013-38,4.25,,22.636,8.11,39.874,1.5859999999999999,26.682,,,24.943,185.64360000000002,7.70732
2013-39,4.25,,26.548000000000002,8.414,42.47599999999999,1.7959999999999998,26.625999999999998,,,27.538999999999998,184.32199999999997,8.8231
2013-40,4.430000000000001,,25.454,8.244,42.653999999999996,1.8527999999999998,26.619999999999997,,,27.844,175.642,8.847999999999999
2013-41,4.55,,34.08,8.684000000000001,45.9628,1.9899999999999998,27.124000000000002,,,31.55,182.6844,9.19984
2013-42,4.55,,35.397980000000004,8.689,53.6962,1.9825,27.216,,,33.480000000000004,170.29,9.224975
2013-43,4.426,,31.624000000000002,7.714,52.9388,1.8771999999999998,26.482,,,31.607,161.732,8.843599999999999
2013-44,4.394,,36.224000000000004,7.94,60.74559999999999,1.9099999999999997,26.294,,,32.638,156.1784,9.105
2013-45,4.354,,40.214000000000006,7.9879999999999995,63.50599999999999,1.9292000000000002,26.356,,,32.815999999999995,138.8496,9.3393
2013-46,4.288,,44.452,7.154000000000001,61.3,1.8306,25.53,,,31.466,122.452,9.22664
2013-47,4.0,,38.7425,7.17,59.915,1.8307499999999999,25.175,,,30.275000000000002,123.88999999999999,9.358350000000002
2013-48,4.0,,37.362,6.438,59.604000000000006,1.8439999999999999,25.482,,,30.472,137.132,8.822
2013-49,4.0,,32.496,5.426,54.988,1.8060000000000003,25.653999999999996,,,28.256,143.7128,8.94804
2013-50,4.0,,35.467999999999996,5.762,55.652,1.9300000000000002,26.903999999999996,,,28.848000000000003,146.46800000000002,9.286
2013-51,4.0,,34.849999999999994,5.772500000000001,55.497499999999995,2.0275,27.625,,,29.1875,150.395,9.645000000000001
2013-52,4.0,,36.65,6.365,55.120000000000005,2.02,27.23,,,30.015,151.4345,9.81505
2014-00,4.35,,38.545,6.85,57.09,2.02,26.935000000000002,,,32.515,149.82999999999998,10.5312
2014-01,4.35,,40.802,7.442,51.902,2.304,26.254,,,32.678,148.17798,11.744
2014-02,4.35,,41.604,8.118,51.396,2.2927999999999997,25.862000000000002,,,32.720000000000006,161.144,11.77994
2014-03,4.35,,40.97,7.9350000000000005,50.739999999999995,2.195,25.6075,,,33.1175,177.835,11.325
2014-04,4.1,,37.702000000000005,7.4,50.19,2.19,24.644,,,31.976,177.496,10.726
2014-05,4.1,,39.75,6.656000000000001,48.64399999999999,2.0776,24.936,,,29.774,179.034,10.968
2014-06,4.1,,40.282,7.098000000000001,52.0318,2.128,25.038,,,31.938,197.272,11.8938
2014-07,4.1,,42.6,7.732500000000001,56.410000000000004,2.16,26.3975,,,33.745,204.2275,11.9875
2014-08,4.356,,44.988,8.01,56.556000000000004,2.164,26.860000000000003,,,34.05,243.2,11.852
2014-09,4.404000000000001,,51.65,8.419,57.234,2.14,28.57,,,34.854200000000006,251.442,12.068000000000001
2014-10,4.4,,48.428000000000004,8.383999999999999,53.815999999999995,2.3099999999999996,28.696000000000005,,,32.512,236.7,12.258000000000001
2014-11,4.4,,42.87,8.382,65.46600000000001,2.2047999999999996,29.422000000000004,,,32.824,234.73199999999997,12.2093
2014-12,4.4,,39.6562,7.742,70.566,2.076,29.701999999999998,,,31.753000000000004,214.65200000000004,12.378
2014-13,4.64,,43.803999999999995,7.866000000000001,70.15799999999999,2.1759999999999997,29.74,,,32.586,218.66699999999997,14.03932
2014-14,4.682,,42.918,7.632000000000001,70.266,2.18,28.624000000000002,,,28.875999999999998,209.57600000000002,14.1076
2014-15,4.67,,38.9025,7.2925,67.4,1.895,27.457500000000003,,,26.6325,197.3075,13.5325
2014-16,4.914,,42.414,7.9030000000000005,69.924,1.92,27.272000000000002,,,30.914000000000005,207.744,14.15476
2014-17,5.024,,41.458,7.396000000000001,66.998,1.924,26.468,,,33.577999999999996,206.392,14.588
2014-18,5.02,,39.092,7.587999999999999,65.216,2.1012,27.074,,,33.312,197.21800000000002,15.4284
2014-19,4.914,,29.657999999999998,8.297999999999998,61.702,2.0980000000000003,28.562,,,32.878,189.12000000000003,16.326
2014-20,4.802,,23.049999999999997,8.456999999999999,60.0302,2.12,28.214,,,31.553999999999995,200.60399999999998,16.73198
2014-21,4.8025,,26.685,8.454999999999998,62.08,2.255,29.064999999999998,,,33.215,209.9525,17.728625
2014-22,4.78,,27.166000000000004,8.610000000000001,63.58399999999999,2.3760000000000003,29.808,,,33.4,205.74020000000002,17.8
2014-23,4.664000000000001,,27.154000000000003,8.53,63.36,2.48,29.404000000000003,,,34.3078,204.404,17.57002
2014-24,4.8,,29.07,8.632,68.58,2.48,29.122000000000003,,,39.849000000000004,228.156,16.626299999999997
2014-25,4.795999999999999,,30.978,8.472,70.38199999999999,2.44,28.827999999999996,,,40.234,236.2542,16.463
2014-26,4.79,,30.7575,8.995000000000001,70.27375,2.4019999999999997,29.002499999999998,,,40.4675,234.61374999999998,16.685
2014-27,4.79,,29.332,9.236,64.72600000000001,2.424,28.192,,,38.146,220.47600000000003,15.615959999999998
2014-28,4.91,,27.276,9.512,62.698,2.424,27.55,,,38.356,219.77201999999997,15.4582
2014-29,4.91,,25.256,11.466,63.306000000000004,2.4372,27.128000000000004,,,38.444,221.94400000000002,15.443999999999999
2014-30,4.91,,24.968,10.294,64.328,2.562,26.218,,,37.169799999999995,227.064,15.209
2014-31,4.7620000000000005,,27.345999999999997,10.714000000000002,65.6808,2.296,25.366,,,33.76,245.29202,14.676999999999998
2014-32,4.74,,29.407999999999998,11.904,69.214,2.4200000000000004,26.142000000000003,,,35.215999999999994,260.59599999999995,15.435
2014-33,4.708,,34.977999999999994,13.491999999999999,70.48599999999999,2.47,27.003999999999998,,,37.45399999999999,256.706,15.724340000000002
2014-34,4.7,,34.264,14.16,70.20200000000001,2.494,27.312,,,37.994,264.22,14.343800000000002
2014-35,4.7,,36.88,14.8275,71.02125000000001,2.5,27.9725,,,38.697500000000005,282.18499999999995,13.943999999999999
2014-36,4.74,,44.756,16.134,71.61099999999999,2.5,28.1,,,38.239999999999995,280.24,13.769333333333334
2014-37,4.66,,43.624,16.916000000000004,70.971,2.4266666666666663,27.906,,,37.092,259.82399999999996,13.283333333333333
2014-38,4.64,,40.586,14.974,67.704,2.28,26.93,,,35.61,249.22599999999997,13.393
2014-39,4.64,,41.81400000000001,13.934000000000001,64.99300000000001,2.16,26.541999999999994,,,33.634,246.962,12.542000000000002
2014-40,4.64,,40.422000000000004,11.344,59.038,1.98,26.43,,,30.844000000000005,254.67800000000003,10.978660000000001
2014-41,4.64,,37.028,11.352,52.64,1.7759999999999998,27.266,,,28.238,227.03599999999997,9.875
2014-42,4.64,,40.39,13.209999999999999,55.636,1.6299999999999997,28.130000000000003,,,31.014,233.488,10.867999999999999
2014-43,4.64,,38.525999999999996,14.016,56.565999999999995,1.7559999999999998,28.232,,,30.556,236.57999999999998,10.907999999999998
2014-44,4.64,,36.739999999999995,13.139999999999997,55.628,1.906,28.436,,,30.971999999999998,238.782,11.669340000000002
2014-45,4.64,,34.644,10.81,49.718,1.906,27.144,,,28.903999999999996,250.498,12.547999999999998
2014-46,4.64,,33.483999999999995,10.989,49.083999999999996,1.895,27.607999999999997,,,28.462,250.18200000000002,12.99334
2014-47,4.64,,31.845,11.23875,50.506249999999994,1.895,27.697499999999998,,,28.987499999999997,246.9425,13.130850000000002
2014-48,4.64,,28.27,11.812,46.586,1.9005000000000003,26.938,,,25.97,228.87199999999999,12.601599999999998
2014-49,4.64,,25.150000000000002,12.570000000000002,43.588,1.9005000000000003,26.677999999999997,,,23.762,211.394,12.614
2014-50,4.64,,27.471999999999998,13.271,43.03,1.8700000000000003,27.104000000000003,,,24.576,209.044,12.106800000000002
2014-51,4.64,,28.3375,14.55,43.9775,1.9,27.534999999999997,,,26.09375,223.41249999999997,12.65625
2014-52,4.64,,26.156666666666666,14.226666666666667,44.51166666666666,1.8999999999999997,27.459999999999997,,,25.896666666666665,223.45000000000002,12.266666666666666
2015-00,4.64,,25.47,14.21,44.545,1.9,27.43,,,25.71,219.31,12.87
2015-01,4.64,,23.134,12.296000000000001,42.45399999999999,1.72,26.4,,,24.56,209.919,12.684000000000001
2015-02,4.64,,21.828,10.76,41.739999999999995,1.72,27.182,,,25.599,196.81800000000004,12.09
2015-03,4.64,,19.1,10.969999999999999,41.41625,1.72,26.714999999999996,,,24.306250000000002,197.8525,12.3026
2015-04,4.64,,19.518,12.34,43.053,1.72,27.332,,,24.604000000000003,204.14,12.942000000000002
2015-05,4.64,,21.567999999999998,13.514,46.884,1.9,27.364000000000004,,,26.794999999999998,217.24,13.9352
2015-06,5.004,,20.294,14.73,48.38,2.132,30.582000000000004,,,27.605,210.644,13.955000000000002
2015-07,4.85,,20.4975,13.716249999999999,48.972500000000004,2.2225,31.1925,,,27.997500000000002,209.40625,13.9575
2015-08,4.85,,21.04,13.707999999999998,56.261,2.23,33.01,,,31.637999999999998,205.147,14.02864
2015-09,4.85,,27.018,14.044,61.053999999999995,2.29,33.354,,,33.398,198.766,13.626499999999998
2015-10,4.85,,23.589999999999996,13.262,60.284000000000006,2.3398000000000003,35.565999999999995,,,32.614999999999995,190.93800000000002,13.3513
2015-11,4.85,,24.574,12.872,60.54,2.3651999999999997,37.45,,,32.913,196.974,13.693000000000001
2015-12,4.85,,27.034,12.408000000000001,60.483000000000004,2.442,37.589999999999996,,,32.236000000000004,194.211,14.15234
2015-13,4.85,,26.5675,13.21,60.625,2.4675000000000002,38.292500000000004,,,31.275,189.48250000000002,13.995000000000001
2015-14,4.85,,27.168,13.116,61.181000000000004,2.604,37.791999999999994,,,32.269,207.002,14.901999999999997
2015-15,4.85,,30.348000000000003,13.532,62.20899999999999,2.596,37.39,,,33.39,207.712,14.994
2015-16,4.85,,29.146000000000004,13.482,63.485,2.5439999999999996,37.854,,,34.414,214.22899999999998,14.960520000000002
2015-17,4.358,,27.754,12.876,61.08700000000001,2.6719999999999997,37.34,,,32.99399999999999,229.31199999999998,15.133360000000001
2015-18,4.39,,24.704,11.218,56.388,2.8007999999999997,36.456,,,32.190000000000005,233.46000000000004,16.14
2015-19,4.382,,25.092000000000002,10.245999999999999,56.496,2.964,37.519999999999996,,,32.378,244.07000000000002,16.6
2015-20,4.35,,23.984,10.225999999999999,55.467999999999996,2.964,37.8,,,32.059999999999995,246.718,16.851999999999997
2015-21,4.35,,22.299999999999997,9.745,50.7,3.06,37.1825,,,31.2025,249.28375,16.8925
2015-22,4.35,,22.904000000000003,9.468,50.53000000000001,3.02,37.378,,,30.764,248.36999999999998,16.35658
2015-23,4.062,,23.036,8.964,50.044,3.01,37.02,,,31.270000000000003,253.01799999999997,16.35014
2015-24,3.694,,24.560000000000002,9.036000000000001,52.07899999999999,3.07998,37.995999999999995,,,32.397000000000006,257.66200000000003,16.221560000000004
2015-25,3.656,,23.802,8.6,50.976,3.2497999999999996,38.839999999999996,,,31.298000000000002,265.702,16.726000000000003
2015-26,3.66,,22.93,7.67,46.50749999999999,3.2289999999999996,37.4675,,,28.132499999999997,269.86249999999995,16.876566666666665
2015-27,3.66,,19.889999999999997,6.616,44.05200000000001,3.218,37.936,,,26.421999999999997,263.92600000000004,16.897299999999998
2015-28,3.4,,20.682000000000002,6.418000000000001,45.004,3.37,39.006,,,27.182000000000006,266.45799999999997,18.119999999999997
2015-29,3.4,,19.33,5.946,42.994,3.6239999999999997,39.5,,,25.811999999999994,269.902,18.624000000000002
2015-30,3.3579999999999997,,17.8976,5.827999999999999,44.160000000000004,3.44916,40.034000000000006,,,26.886000000000003,262.91799999999995,18.556
2015-31,3.5,,16.672,6.234,48.678,3.286,38.434000000000005,9.893333333333333,,26.394,257.008,18.704
2015-32,3.5,,16.188,5.664,51.88399999999999,3.2620000000000005,37.812,10.084,,25.112000000000002,240.468,18.655
2015-33,3.5,,14.166,4.901999999999999,49.298,3.052,36.506,10.304,,23.912,248.782,18.214999999999996
2015-34,3.56,,12.602,4.578,45.944,2.86766,35.144000000000005,10.492,,23.118000000000002,231.042,17.64102
2015-35,3.65,,13.8,4.478,47.658,2.954,34.554,11.706,,23.314,244.57600000000002,17.747
2015-36,3.3,,15.585025000000002,4.4825,48.4625,2.805,34.8925,11.5325,,23.575000000000003,248.95,17.8415
2015-37,3.3,,14.956,4.564,46.55799999999999,2.82,35.980000000000004,11.406,,23.466,258.34,17.721799999999998
2015-38,3.3,,15.158000000000001,4.092,43.971999999999994,2.82,35.263999999999996,11.216000000000001,,21.93,261.24600000000004,16.94864
2015-39,3.19464,,15.904000000000002,3.718000000000001,42.544000000000004,2.712,34.35600000000001,10.21,,20.048,246.186,17.104
2015-40,3.1683,,18.262,4.968,49.553999999999995,2.9050000000000002,36.548,11.11,,24.130000000000003,233.39600000000002,18.61
2015-41,3.1683,,18.589999999999996,5.024,51.577999999999996,2.96,37.141999999999996,10.63,,24.735999999999997,220.006,18.87404
2015-42,3.1683,,17.8,4.082,50.644000000000005,2.96,37.256,9.245999999999999,,24.236,214.406,19.134
2015-43,3.1683,,16.5,3.7060000000000004,51.727999999999994,3.032,37.821999999999996,8.797999999999998,,25.466,211.42600000000002,19.4358
2015-44,3.1683,,16.424,2.806,58.55800000000001,3.1425999999999994,37.53600000000001,7.696000000000001,,27.78,223.58,19.69
2015-45,3.1683,,14.146,1.925,55.129999999999995,3.2660000000000005,35.61,7.176,,25.641999999999996,216.20800000000003,20.1125
2015-46,3.1683,,13.6,1.8689999999999998,53.718,3.3080000000000007,35.388,6.688,,23.226000000000003,218.238,20.605
2015-47,3.1683,,15.395,1.7349999999999999,55.8875,3.37,36.6375,6.8275,,23.735,224.3125,20.916999999999998
2015-48,3.1683,,16.375999999999998,1.9579999999999997,58.732000000000006,3.46,36.61000000000001,7.378,,25.810000000000002,232.50600000000003,21.885999999999996
2015-49,3.1683,,17.066,2.1670000000000003,57.370000000000005,3.5200000000000005,34.964,7.764,,23.688000000000002,225.292,22.06736
2015-50,3.1683,,16.802,2.83,62.35,3.5060000000000002,35.220000000000006,11.334,,26.381999999999998,227.606,22.7834
2015-51,3.1683,,17.2025,3.6075,65.955,3.43,36.95,12.2675,,30.2925,230.695,23.27825
2015-52,3.1683,,16.9525,3.515,66.4475,3.43,36.675,11.715,,30.310000000000002,236.06,23.509999999999998
2016-01,3.1683,,15.736,3.198,68.022,3.4300000000000006,35.35,9.996,,28.345999999999997,218.506,22.429
2016-02,3.1683,,13.474,2.51,63.022000000000006,3.3660000000000005,34.726,8.396,,23.794,205.85999999999999,21.262
2016-03,3.161225,,12.812500000000002,2.2625,63.1075,3.27,33.85,8.425,,22.810000000000002,201.485,20.848
2016-04,3.14,,14.148,2.33,66.34400000000001,3.364,34.184,9.01,,24.226,191.782,21.1964
2016-05,3.14,,15.998,2.2700000000000005,66.804,3.662,34.816,8.278000000000002,,25.016000000000002,178.22600000000003,21.17994
2016-06,3.14,,13.989999999999998,1.9419999999999997,63.484,3.626,35.378,6.198,,21.973999999999997,148.284,20.51182
2016-07,3.01,,15.8125,2.1525000000000003,63.205,3.5,36.0925,5.3325,,22.8975,164.3,21.859775000000003
2016-08,3.0620000000000003,,18.651999999999997,2.084,67.59400000000001,3.5839999999999996,37.874,5.217999999999999,,22.082,182.34400000000002,22.408
2016-09,2.9099999999999997,,18.802,2.752,69.85199999999999,3.804,39.134,5.959999999999999,,24.016,192.68,22.875
2016-10,2.85,,19.064,3.042,68.822,3.572,40.088,6.687,,23.194000000000003,205.858,22.269
2016-11,2.85,,18.490000000000002,2.6759999999999997,71.876,3.604,40.168,6.577,,24.014,222.908,23.059999999999995
2016-12,2.85,,17.7225,2.3674999999999997,69.80499999999999,3.89025,40.57,6.4725,,22.8675,230.7225,23.225
2016-13,3.1519999999999997,,17.810000000000002,2.2560000000000002,68.524,3.9101399999999997,41.108000000000004,6.452,,22.36,230.92799999999997,23.370600000000003
2016-14,3.38,,18.924,2.499,62.862,3.8549800000000003,40.784000000000006,6.673,,21.356,255.03000000000003,23.254
2016-15,3.38,,21.264,2.5100000000000002,60.39200000000001,3.66408,41.236,6.9079999999999995,,21.238,251.72799999999998,22.976
2016-16,3.38,,25.618000000000002,2.5520000000000005,61.215999999999994,3.7359999999999998,42.80800000000001,7.409999999999999,,21.471999999999998,250.652,22.284000000000002
2016-17,3.38,,25.584,2.582,59.303999999999995,3.7540000000000004,43.486,7.918000000000001,,21.328,249.1,22.444
2016-18,3.38,,25.034,2.2239999999999998,52.648,3.964,43.426,7.56,,18.052,224.62800000000001,22.678
2016-19,3.38,,25.314,1.8679999999999999,50.05200000000001,4.0280000000000005,42.84599999999999,6.578,,16.770000000000003,208.292,23.005000000000003
2016-20,3.38,,24.546,1.828,48.28,3.9565399999999995,42.263999999999996,6.12,,16.118000000000002,211.92200000000003,22.26606
2016-21,3.38,,25.488000000000003,2.018,49.938,3.9480200000000005,43.356,6.35,,17.11,220.37400000000002,23.003999999999998
2016-22,3.38,,24.035,2.07,49.7025,4.022525,43.5825,6.24,,17.255,220.185,23.73875
2016-23,3.38,,23.69,2.1759999999999997,50.117999999999995,4.01472,44.029999999999994,6.4239999999999995,,16.903999999999996,227.33800000000002,23.61
2016-24,3.38,,21.332,2.028,48.158,3.846,42.858,6.005999999999999,,14.952000000000002,216.786,21.829
2016-25,3.65,,20.582,2.1559999999999997,48.304,3.9060200000000003,42.906,5.958,,14.924000000000001,205.10399999999998,22.6982
2016-26,3.7299999999999995,,22.433999999999997,1.94,47.132,3.8522400000000006,42.864,5.546,,14.876,207.862,21.963
2016-27,3.8575,,23.092499999999998,1.91,46.71,3.8475,43.47,5.115,,14.705,215.28499999999997,21.846249999999998
2016-28,3.87,,22.682,1.9699999999999995,46.952,3.964,44.434000000000005,5.132,,15.148000000000001,222.77800000000002,22.415
2016-29,3.8660000000000005,,22.080000000000002,1.85,48.114,3.9799999999999995,44.884,5.176,,15.680000000000001,224.52800000000002,22.31542
2016-30,3.85,,22.152,1.7899999999999998,47.786,4.106,45.402,5.142,,15.174000000000001,230.68200000000002,22.845999999999997
2016-31,3.85,,24.273999999999997,1.816,46.44199999999999,4.194,47.068,5.032000000000001,,14.706,228.728,23.213
2016-32,3.85,,24.482,1.859,40.385999999999996,4.34766,47.89,5.584,,12.374,226.28199999999998,24.12
2016-33,3.85,,23.919999999999998,1.876,37.65599999999999,4.428,47.87,6.0520000000000005,,10.558,224.19,25.7332
2016-34,3.85,,24.654,1.8679999999999999,37.403999999999996,4.51352,48.536,6.008,,9.984,222.26800000000003,27.971000000000004
2016-35,3.85,,24.532000000000004,1.828,38.056,4.5693399999999995,48.660000000000004,6.054,,10.138000000000002,207.42,27.754
2016-36,3.85,,24.86,1.8175,38.26625,4.66,49.5275,6.145,,10.017499999999998,199.09250000000003,28.17
2016-37,3.85,,23.728,1.672,35.809999999999995,4.5938,48.339999999999996,5.64,,8.234,199.31599999999997,27.644800000000004
2016-38,3.85,,20.262,1.446,34.986000000000004,4.698600000000001,49.6,5.622,,8.163999999999998,206.01600000000002,27.703999999999997
2016-39,3.85,,21.503999999999998,1.194,38.798,4.827999999999999,48.912,6.192000000000001,,8.802,205.16,27.354999999999997
2016-40,3.85,,21.796,1.19,38.77,4.86,47.324000000000005,6.19,,8.606,206.23600000000002,27.668
2016-41,3.85,,22.816000000000003,1.092,38.65,4.53,47.126,6.731999999999999,,8.290000000000001,199.862,26.33324
2016-42,3.85,,23.387999999999998,1.142,41.024,4.582,47.596,6.508000000000001,,8.804,199.162,26.525
2016-43,3.85,,23.44,1.094,40.874,4.674,47.068,5.628,,8.075999999999999,202.264,26.4488
2016-44,3.85,,23.072,1.1099999999999999,37.821999999999996,4.44724,47.586,4.812,,6.924000000000001,190.904,25.432
2016-45,3.85,,22.913999999999998,1.146,32.672,4.093999999999999,47.136,4.904,,6.712000000000001,190.42400000000004,22.4937
2016-46,3.85,,22.356,1.1059999999999999,31.892000000000003,3.844,46.602000000000004,4.904,,6.9799999999999995,184.566,21.014
2016-47,3.85,,21.339999999999996,1.1124999999999998,29.854999999999997,3.93,47.9125,5.1225000000000005,,6.795,191.36999999999998,21.16375
2016-48,3.85,,20.096,1.124,30.333999999999996,4.104,47.908,5.112,,6.783999999999999,187.68800000000002,21.794
2016-49,3.85,,20.660000000000004,1.3,32.940000000000005,4.138,48.996,5.572,,7.473999999999999,190.054,19.97
2016-50,3.85,,20.826,1.23,33.516,3.8200000000000003,50.95399999999999,5.433999999999999,,7.328,197.868,19.511000000000003
2016-51,3.85,,20.964,1.228,33.589999999999996,3.7700000000000005,52.498000000000005,5.51,,7.19,208.202,20.345999999999997
2016-52,3.85,,19.6175,1.0050249999999998,32.8625,3.8275,53.515,5.4225,,6.88,216.91000000000003,21.055
2017-01,3.85,,20.075,1.1075000000000002,33.7275,4.0,52.8425,5.755,,7.0275,224.935,22.07875
2017-02,3.85,,20.992,1.316,34.516000000000005,4.0,52.516,6.098000000000001,,7.348000000000001,231.644,22.552
2017-03,3.85,,22.9775,1.7925,34.6875,4.0,53.4025,5.9875,,7.045,240.60750000000002,22.642500000000002
2017-04,3.85,,23.538,1.6620000000000001,32.57,4.0,53.664,5.648000000000001,,6.781999999999999,252.692,22.714000000000006
2017-05,3.658,,24.486,1.478,31.548000000000002,4.206,53.722,5.4559999999999995,,6.728,250.93599999999998,23.816000000000003
2017-06,3.6100000000000003,,23.428,1.5060000000000002,32.11,4.376,54.234,5.723999999999999,,7.022,263.152,23.984
2017-07,3.6100000000000003,,24.556,1.5719999999999998,34.18599999999999,4.34,55.99400000000001,6.054,,7.252,276.504,24.534
2017-08,3.5125,,26.284999999999997,1.7125000000000001,36.32,4.3625,57.2525,5.9025,,8.73,265.97249999999997,24.915
2017-09,3.4799999999999995,,24.272,1.6600000000000001,35.834,4.486,57.41600000000001,5.6240000000000006,,8.558,249.658,24.752000000000002
2017-10,3.4799999999999995,,24.008000000000003,1.266,32.7,4.568,57.498000000000005,5.212,,7.448,247.052,24.874000000000002
2017-11,3.4799999999999995,,22.695999999999998,1.33,32.54299999999999,4.592,57.7,4.9799999999999995,,7.090000000000001,256.69,25.304
2017-12,3.4799999999999995,,21.942,1.262,29.028,4.61,56.674,4.886,,6.246,257.11,26.084000000000003
2017-13,3.4799999999999995,,19.812,1.302,27.822000000000003,4.798,57.129999999999995,5.18,,6.114,276.254,26.814
2017-14,3.4799999999999995,,19.044000000000004,1.354,26.631999999999998,4.6899999999999995,57.79200000000001,5.21,,6.156000000000001,299.692,27.089999999999996
2017-15,3.48,,19.425,1.335,27.85,4.397500000000001,57.7575,5.39,,6.75,305.48499999999996,27.197499999999998
2017-16,3.4799999999999995,,18.588,1.234,26.862000000000002,4.26,57.63199999999999,5.178,,6.7379999999999995,303.064,27.496
2017-17,3.4799999999999995,,18.592,1.254,28.52,4.3020000000000005,59.10600000000001,5.325999999999999,,6.933999999999999,310.938,28.47
2017-18,3.4799999999999995,,18.792,1.174,32.512,4.328,58.842,4.982,,6.964,311.31000000000006,29.327999999999996
2017-19,3.4799999999999995,,22.524,1.026,36.1,4.42,57.436,4.956,,7.178,320.316,30.197999999999997
2017-20,3.4799999999999995,,22.768,0.734,36.054,4.42,56.715999999999994,4.913,,7.290000000000001,312.578,30.120000000000005
2017-21,3.4799999999999995,,22.892000000000003,0.7460000000000001,37.316,4.5840000000000005,58.262,4.912,,8.026,313.28000000000003,30.192
2017-22,3.48,,21.555,0.7775,38.66499999999999,4.5,59.655,5.0775,,8.0075,339.0825,29.39
2017-23,3.4799999999999995,,20.392000000000003,0.776,37.3,4.504,59.648,5.14,,8.069999999999999,357.428,30.227999999999998
2017-24,3.4799999999999995,,19.936,0.7899999999999999,36.122,4.446,60.848,5.534000000000001,,7.852000000000001,372.47200000000004,30.475
2017-25,3.4799999999999995,,19.421999999999997,0.8460000000000001,37.438,4.200000000000001,59.938,6.426,,8.166,376.90000000000003,29.571000000000005
2017-26,3.4799999999999995,,20.416000000000004,0.858,40.134,4.226000000000001,59.355999999999995,7.042,,9.328,366.692,29.716
2017-27,3.48,,20.104999999999997,0.8255250000000001,39.295,4.185,57.7275,6.895,,8.7925,325.44,31.445
2017-28,3.4799999999999995,,20.644,0.81404,41.122,4.087999999999999,56.721999999999994,6.976000000000001,,9.617999999999999,324.796,31.607999999999997
2017-29,3.4799999999999995,,22.759999999999998,0.8200000000000001,44.766000000000005,4.152,58.35,7.192,,10.894,326.27799999999996,31.937600000000003
2017-30,3.4799999999999995,,24.594,0.96,45.912,3.7920000000000003,58.806,7.412000000000001,,11.088000000000001,339.1,32.230000000000004
2017-31,3.4799999999999995,,25.758,0.942,48.574,3.182,59.122,7.3340000000000005,,9.97,334.586,31.95
2017-32,3.4799999999999995,,26.95,0.868,47.626,3.168,57.19000000000001,6.964,,9.339,359.40700000000004,32.044
2017-33,4.136,,25.712,0.8219999999999998,48.572,3.05,56.27199999999999,6.848000000000001,,9.434000000000001,357.684,31.584000000000003
2017-34,4.209999999999999,,24.6,0.8780000000000001,46.730000000000004,2.998,55.983999999999995,6.970000000000001,,9.038,346.592,30.178000000000004
2017-35,3.8649999999999998,,25.296,0.9374800000000001,47.862,3.066,56.838,6.802,,8.982,351.5,30.189999999999998
2017-36,3.77,,26.28,1.2,47.392500000000005,3.0175,57.55,7.045,,9.142500000000002,347.0325,30.290000000000003
2017-37,3.7700000000000005,,26.768,1.316,48.06999999999999,2.904,57.524,6.853999999999999,,8.414,370.024,29.972
2017-38,3.7700000000000005,,28.534,1.472,49.284,2.684,58.10799999999999,5.914,,7.938,370.316,29.788
2017-39,3.7700000000000005,,28.415999999999997,1.4420000000000002,46.424,2.6100000000000003,59.814,5.46,,7.234,342.38199999999995,29.534
2017-40,3.7700000000000005,,30.05,1.5320000000000003,47.64,2.7120000000000006,60.70399999999999,5.586,,7.202,351.378,29.576
2017-41,3.85,,32.897999999999996,1.4019999999999997,47.297999999999995,2.9059999999999997,61.986000000000004,5.452,,6.9239999999999995,352.87600000000003,30.259999999999998
2017-42,3.85,,32.71,1.34,47.372,2.914,64.188,5.5200000000000005,,6.706,352.582,28.774
2017-43,3.85,19.98,36.242,1.32,50.10200000000001,2.6119999999999997,64.736,5.458,,6.848000000000001,329.448,28.552
2017-44,3.85,19.380000000000003,39.214000000000006,1.47,58.04,2.84,64.61600000000001,5.708000000000001,,7.659999999999999,315.60799999999995,29.046000000000003
2017-45,3.85,17.872000000000003,39.682,1.7,61.27,2.59,64.158,5.989999999999999,,8.672,303.84000000000003,25.082
2017-46,3.85,17.5128,41.146,2.5699999999999994,60.79599999999999,2.354,63.10799999999999,6.082,,8.288,312.59,21.644
2017-47,3.85,15.25,49.0325,2.7025,60.605000000000004,2.285,63.309999999999995,5.9475,,7.995000000000001,313.675,20.3375
2017-48,3.85,15.25,53.74399999999999,2.9620000000000006,61.239999999999995,2.446,64.962,5.682,,8.242,311.456,20.505999999999997
2017-49,3.85,18.73,47.902,2.7359999999999998,64.034,2.536,63.081999999999994,5.602,,7.721000000000001,309.706,19.990000000000002
2017-50,3.85,18.85,49.025999999999996,2.716,68.85799999999999,2.5940000000000003,62.29200000000001,5.819999999999999,,8.972,338.062,21.466
2017-51,3.85,18.7,50.331999999999994,2.5260000000000002,69.28599999999999,2.83,63.379999999999995,6.040000000000001,,9.106,331.16200000000003,22.996000000000002
2017-52,3.85,18.25,57.555,2.4425,68.1875,2.6950000000000003,64.1875,5.92,,8.647499999999999,313.91,23.147499999999997
2018-00,3.85,18.25,63.2475,2.5375,69.635,2.8175,64.66499999999999,6.01,,8.7875,317.245,23.2825
2018-01,3.85,18.4,61.71,2.338,71.79199999999999,2.958,65.608,6.148,,8.862,335.814,23.028
2018-02,3.85,19.0,63.08,2.0199999999999996,71.08500000000001,3.0,66.2875,6.0025,,8.615,345.4525,23.925
2018-03,3.85,19.0,60.43399999999999,2.056,69.48400000000001,3.19,67.64200000000002,6.3,,8.144,346.146,23.354
2018-04,3.85,19.580000000000002,55.40599999999999,2.1,67.32000000000001,3.0919999999999996,69.402,6.3100000000000005,,7.922,348.532,22.565999999999995
2018-05,3.85,19.639999999999997,49.912,2.3419999999999996,62.366,2.874,65.336,5.48,,6.986,327.55,22.537999999999997
2018-06,3.85,18.6,52.2,2.752,64.72999999999999,2.988,64.546,6.340000000000001,,7.356,326.252,23.718
2018-07,3.85,19.3125,61.334999999999994,2.52,65.3375,3.1393750000000002,63.7,6.83625,,7.282500000000001,341.5725,24.445999999999998
2018-08,3.85,21.529999999999998,51.386,3.1060000000000003,63.56999999999999,3.0854999999999997,60.644000000000005,6.898000000000001,,7.242,343.504,24.232
2018-09,3.91,20.71,46.370000000000005,3.8280000000000003,67.40799999999999,3.1040000000000005,55.062,7.090000000000001,,7.314,330.024,24.055999999999997
2018-10,3.96,20.5,46.002,4.281999999999999,69.466,3.162,54.720000000000006,7.447999999999999,,7.178,332.186,23.814
2018-11,3.96,21.07,48.204,4.7540000000000004,72.174,3.2300000000000004,56.040000000000006,8.244,,7.81,310.256,24.080000000000002
2018-12,3.96,21.4,48.5775,4.79,71.4575,3.135,56.7975,8.7775,,7.94,276.8175,24.07
2018-13,3.96,21.4,52.746,4.3340000000000005,70.136,3.1719999999999997,56.69200000000001,9.303999999999998,,7.802,282.394,23.689999999999998
2018-14,3.96,21.4168,56.472,4.024,70.96000000000001,3.3440000000000003,55.148,8.328,,8.148000000000001,297.94199999999995,23.318
2018-15,3.96,21.4776,53.21,4.3919999999999995,74.57,3.3120000000000003,58.236000000000004,8.934000000000001,,9.044,292.514,22.840000000000003
2018-16,3.96,21.5494,53.6,4.489999999999999,75.00999999999999,3.2960000000000003,58.42,9.004000000000001,,8.904,285.416,22.247999999999998
2018-17,3.96,22.0904,53.468,4.328,67.75800000000001,3.45,58.402,9.046000000000001,,8.31,294.70199999999994,21.918
2018-18,3.832,21.874000000000002,54.724000000000004,4.811999999999999,69.926,3.2600000000000002,56.565999999999995,10.155999999999999,,8.724,303.534,23.412
2018-19,3.8,21.772,63.318000000000005,5.39,72.228,3.2999999999999994,52.83200000000001,10.844,,9.146,284.798,23.364
2018-20,3.8,21.627999999999997,65.50800000000001,5.619999999999999,69.19,3.2847999999999997,52.322,10.919999999999998,,9.028,279.054,23.19
2018-21,3.8599999999999994,20.092499999999998,58.137499999999996,5.897500000000001,67.9475,3.125,51.940000000000005,11.717500000000001,,8.5625,288.0075,21.727500000000003
2018-22,3.908,20.45,40.854,5.412000000000001,56.291999999999994,3.1119999999999997,50.926,12.536,,7.540000000000001,308.22400000000005,21.85
2018-23,4.0,19.788,38.37,5.446000000000001,52.626,3.042,51.584,13.584,,7.790000000000001,347.108,21.68
2018-24,4.0,19.445,34.982,6.26,52.138,2.904,52.79200000000001,13.803999999999998,,8.064000000000002,353.34799999999996,21.422
2018-25,4.0,19.92,34.971999999999994,6.953999999999999,52.064,2.75,53.44000000000001,13.25,,7.732000000000001,342.478,20.506
2018-26,4.0,20.02,37.68,7.0525,53.309999999999995,2.63,53.69,14.707500000000001,,7.8775,315.99750000000006,20.170025
2018-27,4.0,21.589999999999996,37.876000000000005,7.196000000000001,54.705999999999996,2.64,51.48,15.882,,7.936,319.104,20.488
2018-28,4.0,21.511,36.711999999999996,6.766,53.824,2.656,51.489999999999995,15.219999999999999,,7.523999999999999,318.09,20.95
2018-29,4.0,20.699,37.912,6.318,53.00599999999999,2.728,52.459999999999994,14.846,,7.25,302.64,21.554000000000002
2018-30,4.0,20.492,35.634,5.654999999999999,52.746,2.7779999999999996,53.489999999999995,14.184000000000001,,7.325999999999999,317.37199999999996,21.15
2018-31,4.0,20.572,39.266,5.754,53.774,2.79,52.122,13.969999999999999,,7.31,359.96799999999996,20.936
2018-32,4.0,20.776000000000003,36.742,5.013,51.408,2.6159999999999997,50.886,13.198000000000002,,6.760000000000001,336.738,20.477
2018-33,4.0,21.041999999999998,34.78,4.926,52.29,2.8419999999999996,52.534000000000006,13.982,,6.822,318.97999999999996,22.298000000000002
2018-34,4.0,21.360000000000003,36.40599999999999,4.922000000000001,52.372,3.0980000000000003,53.007999999999996,13.419999999999998,,6.7700000000000005,308.19,23.402
2018-35,4.0,20.987499999999997,33.3275,4.595,50.3075,2.9025000000000003,52.1175,12.5025,,6.5825000000000005,278.47,22.25
2018-36,4.0,21.264000000000003,31.312,4.286,48.426,2.8406,55.38000000000001,12.794,,6.708,288.028,22.058000000000003
2018-37,4.0,21.532000000000004,29.992,4.26,49.434,2.6,56.372,12.708000000000002,,7.608,295.25,22.116
2018-38,4.0,22.182,27.360000000000003,4.632000000000001,49.074,2.554,54.160000000000004,12.4,,7.56,296.508,22.467999999999996
2018-39,4.0,22.312,27.119999999999997,4.806,48.226,2.2919999999999994,53.682,12.74,,7.0840000000000005,290.06,21.131999999999998
2018-40,4.0,21.57,25.701999999999998,4.5200000000000005,46.332,2.1879999999999997,51.376,11.78,,6.6579999999999995,256.25,20.5
2018-41,4.0,21.419999999999998,25.505999999999997,4.872,46.85,2.218,51.548,12.814000000000002,,6.890000000000001,266.37399999999997,21.428000000000004
2018-42,4.0,21.395,21.854000000000003,4.412000000000001,42.973,2.21,51.336,12.044,,6.51,297.87,20.978
2018-43,4.0,21.163999999999998,22.664,4.598000000000001,40.590999999999994,2.1580000000000004,52.1,12.288,,6.138,338.552,20.996000000000002
2018-44,4.0,22.714000000000002,26.497999999999998,5.51,43.164,2.5580000000000003,52.77199999999999,12.741999999999999,,6.298,346.506,23.072
2018-45,4.0,23.220000000000002,23.098,5.452,43.23,2.7,51.80799999999999,12.669999999999998,,6.2700000000000005,343.352,23.934000000000005
2018-46,4.0,22.586250000000003,23.735,5.125,42.9825,2.65,52.8175,12.325,,6.114999999999999,341.245,23.45
2018-47,4.0,22.532,25.516000000000002,5.401999999999999,44.498000000000005,2.756,55.23199999999999,14.204000000000002,,7.06,345.88800000000003,24.709999999999997
2018-48,4.0,22.1425,25.195,5.7475000000000005,44.300000000000004,2.8137499999999998,55.059999999999995,14.44,,6.725,359.805,25.21125
2018-49,4.0,23.078999999999997,25.046,5.723999999999999,43.64,2.7990000000000004,53.827999999999996,13.99,,6.35,368.202,25.646000000000004
2018-50,4.0,22.942,23.974,5.142,42.088,2.7990000000000004,51.224000000000004,11.765999999999998,,5.556,330.71400000000006,25.572000000000003
2018-51,4.0,22.768749999999997,23.384999999999998,4.84,41.480000000000004,2.6715,51.57,10.797500000000001,,4.8875,317.87,25.115
2018-52,,22.0,23.4,4.73,42.455,2.456,52.3,10.89,,4.97,332.8,25.18
2019-00,4.0,22.040000000000003,24.03,4.92,44.10666666666666,2.464,51.65333333333333,10.38,,5.1433333333333335,309.39000000000004,25.28
2019-01,4.0,22.811,26.354000000000003,5.51,46.844,2.586,53.733999999999995,11.18,,5.386,340.214,25.836000000000002
2019-02,4.0,22.639,27.212,6.4,47.44199999999999,2.5000000000000004,54.346000000000004,11.878,,5.464,334.89,25.833999999999996
2019-03,4.0,23.11625,32.29,6.619999999999999,47.802499999999995,2.5766666666666667,55.1825,11.975,,5.3525,293.765,26.214999999999996
2019-04,4.0,23.863999999999997,36.028000000000006,7.078,50.102000000000004,2.7980000000000005,56.352,12.698,,5.616,304.368,27.371999999999996
2019-05,4.0,24.847,33.208,7.308,48.718,2.8900000000000006,56.989999999999995,14.238,,5.764,312.954,26.618000000000002
2019-06,4.0,24.275,33.482,7.664,50.164,2.9400000000000004,56.908,15.068000000000001,,5.952,308.89399999999995,27.701999999999998
2019-07,4.0,24.49,35.7425,7.485,52.357499999999995,3.1199999999999997,57.6175,15.5625,,6.3725,298.535,27.85875
2019-08,4.0,24.45,37.470000000000006,8.638,52.4,3.0744999999999996,56.152,15.681999999999999,,6.428,305.20799999999997,27.722
2019-09,4.0,25.054,35.08,8.522,51.51400000000001,2.9779999999999998,55.318,15.328,,6.272,279.774,26.892000000000003
2019-10,4.0,26.002,33.748000000000005,9.126,54.081999999999994,2.9675000000000002,55.434000000000005,14.732,,6.44,285.726,27.796000000000003
2019-11,4.0,26.131,33.73,9.324,54.6,3.13,55.06999999999999,14.742,,6.4879999999999995,269.822,28.432
2019-12,4.0,25.654000000000003,31.863999999999997,8.970000000000002,51.738,3.136,55.169999999999995,14.174000000000001,,6.312,272.3,27.598000000000003
2019-13,4.738000000000001,25.803000000000004,35.30800000000001,9.532,54.90599999999999,3.28,55.605999999999995,14.666,,7.122,281.92199999999997,29.372000000000003
2019-14,4.596,25.734,35.126,10.03,58.958000000000006,3.289,56.116,15.545999999999998,,7.640000000000001,271.538,29.863999999999997
2019-15,4.566666666666666,25.346249999999998,36.285,9.6075,60.31249999999999,3.4299999999999997,57.3125,16.119999999999997,,7.4975000000000005,271.0575,30.31375
2019-16,4.574999999999999,25.304000000000002,37.662,9.84,61.238,3.4665,57.94,16.78,,7.537999999999999,253.61599999999999,30.394
2019-17,4.5,25.503,37.483999999999995,11.998000000000001,61.172000000000004,3.55,58.212,15.824000000000002,,7.356,242.66,29.854000000000003
2019-18,4.554,25.7126,34.944,13.894,60.24400000000001,3.3800000000000003,60.522000000000006,16.082,,7.7,245.748,28.990000000000002
2019-19,4.77,26.162799999999997,33.940000000000005,14.352,59.327999999999996,3.224,60.955999999999996,15.144,,8.088,226.12600000000003,27.639999999999997
2019-20,4.77,26.903999999999996,35.714,14.89,58.08200000000001,3.162,59.422000000000004,16.024,,7.952,197.858,27.616000000000003
2019-21,4.77,26.8675,37.07,15.760000000000002,58.472500000000004,3.04,58.675,15.669999999999998,,7.7225,187.98499999999999,27.53
2019-22,4.77,27.369999999999997,42.186,15.928,60.9,3.228,61.242000000000004,16.12,,8.118,195.92199999999997,27.313
2019-23,5.13,28.624000000000002,45.14399999999999,17.036,62.136,3.346,62.58,16.554000000000002,,8.304,213.61399999999998,28.209000000000003
2019-24,5.03,28.381,42.8,18.243999999999996,62.507999999999996,3.4056499999999996,62.39,18.178,,9.940000000000001,223.536,29.262
2019-25,5.264,29.403999999999996,41.510000000000005,17.344,63.63199999999999,3.5060000000000002,62.322,18.544000000000004,,10.344,221.794,29.559999999999995
2019-26,5.28,29.68,43.4175,18.8675,66.4525,3.3725,63.565,20.1475,,11.495000000000001,229.93,29.655000000000005
2019-27,5.28,30.571999999999996,40.764,19.886000000000003,66.42,3.3239999999999994,62.827999999999996,19.826,,12.068000000000001,236.6,29.57
2019-28,5.28,31.361200000000004,42.974000000000004,20.334,65.55799999999999,3.432,63.19,20.016,,11.168,254.49200000000002,29.474
2019-29,5.352,31.496000000000002,43.192,20.305999999999997,65.924,3.4560000000000004,63.614,18.977999999999998,,10.41,247.51799999999997,29.357999999999997
2019-30,5.359999999999999,30.9338,42.708000000000006,26.044,66.008,3.0,65.36800000000001,19.186,,12.574,237.56599999999997,27.842000000000002
2019-31,5.264,31.9004,41.30800000000001,30.076999999999998,63.388,2.81,67.352,18.436,,14.101999999999999,233.16,27.395999999999997
2019-32,5.436,32.918,42.017999999999994,31.02,60.614,2.678,72.048,15.472000000000003,,12.857999999999999,223.842,25.814000000000004
2019-33,5.5520000000000005,32.6612,48.318,33.852000000000004,62.791999999999994,2.686,72.374,15.488,,13.309999999999999,221.41400000000004,25.926
2019-34,5.53,32.312,51.327999999999996,32.352,62.141999999999996,2.6860000000000004,72.948,15.068000000000001,,13.008,218.39800000000005,25.4
2019-35,5.32,33.0125,50.9675,26.5625,62.2675,2.7625,72.1875,15.1125,8.133333333333335,12.935,225.68,24.6475
2019-36,5.406000000000001,32.108399999999996,48.391999999999996,23.216,62.724000000000004,2.914,71.844,15.462,7.9799999999999995,12.382,241.1,26.776
2019-37,5.5,31.299200000000003,51.09599999999999,25.624000000000002,65.756,3.0,73.03399999999999,17.214000000000002,7.65,14.328,243.66199999999998,27.21
2019-38,5.348000000000001,30.973000000000003,47.594,24.55,64.178,2.82,74.22200000000001,16.785999999999998,7.540000000000001,13.318000000000001,235.56599999999997,26.75
2019-39,5.376,30.662399999999998,44.976,22.341,57.336,2.702,73.788,16.091,7.56,10.482,238.63000000000002,25.653999999999996
2019-40,5.37,30.617999999999995,43.754,24.205000000000002,56.714,2.594,74.174,16.841,7.55,9.968,242.98599999999996,25.836000000000002
2019-41,5.53,31.044,41.818,24.581,55.57000000000001,2.65,74.09,17.026,7.55,9.486,258.704,26.246
2019-42,5.57,31.125,40.152,24.152,55.278,2.7659999999999996,76.756,15.830000000000002,7.6,9.462,278.314,26.764
2019-43,5.018000000000001,29.619,38.53,21.529999999999998,52.55,2.77,75.998,15.764,7.65,8.942,317.434,27.302
2019-44,4.590000000000001,28.6938,37.094,18.237000000000002,52.977999999999994,2.762,76.14399999999999,14.844999999999999,7.708,8.48,326.78999999999996,28.386000000000003
2019-45,4.491999999999999,29.833999999999996,38.763999999999996,19.019,52.888,2.9259999999999997,75.62199999999999,14.359,7.641999999999999,8.252,348.53000000000003,31.208
2019-46,4.45,30.163,38.558,18.822000000000003,54.06,2.9099999999999997,76.37599999999999,13.796000000000001,9.11,7.712000000000001,349.91999999999996,31.375999999999998
2019-47,4.45,30.52375,37.5575,21.8925,55.227500000000006,3.06,77.14750000000001,13.852500000000001,9.6175,7.4125,331.6225,31.6725
2019-48,4.518,30.713,42.392,23.512,53.90599999999999,3.182,76.774,13.448000000000002,9.34,7.282000000000001,334.07199999999995,32.594
2019-49,4.76,32.0338,46.564,24.114000000000004,53.760000000000005,3.2619999999999996,76.002,13.574000000000002,9.324000000000002,7.4399999999999995,351.828,33.114000000000004
2019-50,4.792,33.223,49.348,25.85,56.739999999999995,3.466,76.736,14.475999999999999,9.02,7.832000000000001,392.65399999999994,33.842
2019-51,4.8275,33.927499999999995,51.455,26.98125,57.7275,3.505,74.66499999999999,14.425,8.5125,8.04,426.4475,33.522499999999994
2019-52,4.865,34.785,50.78,25.75,56.11,3.5,74.83,13.775,8.5,7.835,416.515,33.64
2020-00,4.83,33.870000000000005,54.715,29.314999999999998,57.13,3.43,74.815,14.2775,8.45,7.6,436.635,32.504999999999995
2020-01,4.8420000000000005,32.5248,54.664,30.582000000000004,56.48,3.346,74.97,14.725999999999999,8.468,7.684,474.446,31.895999999999997
2020-02,4.97,33.753,56.144000000000005,30.695999999999998,55.684000000000005,3.312,77.38199999999999,15.895999999999997,8.612,8.65,521.054,32.048
2020-03,4.97,35.72125,53.045,31.9125,51.5175,3.3524999999999996,80.7775,16.99125,8.28,8.832500000000001,563.445,32.760000000000005
2020-04,4.97,36.402,51.49399999999999,31.952000000000005,50.56,3.29416,80.30199999999999,16.95,8.361999999999998,8.591999999999999,599.4580000000001,32.989
2020-05,4.97,35.546,57.628,36.634,52.224000000000004,3.4650000000000007,84.002,18.572,8.718,9.379999999999999,779.758,34.51800000000001
2020-06,4.97,35.5926,68.78,40.440000000000005,54.452999999999996,3.374,85.28399999999999,20.822,8.540000000000001,9.498,783.396,34.122
2020-07,4.97,37.021249999999995,75.9875,53.805,55.7325,3.43,86.18,22.400000000000002,8.49,10.129999999999999,894.0575,34.275
2020-08,4.7379999999999995,35.098,69.52399999999999,51.152,47.182,3.1420000000000003,75.412,20.69,8.422,9.052,751.8979999999999,32.326
2020-09,4.25,36.943999999999996,62.424,53.396,44.696,3.314,71.72999999999999,20.238999999999997,8.24,8.952000000000002,733.33,34.112
2020-10,3.85,31.7866,54.955999999999996,39.315999999999995,37.995999999999995,2.7920000000000003,62.934000000000005,14.288,6.33,6.017999999999999,598.9459999999999,29.998
2020-11,3.25,28.528,49.004,26.594,32.230000000000004,2.752,66.344,9.156,5.2700000000000005,5.228,418.332,24.51
2020-12,3.25,32.0234,54.926,33.434000000000005,34.964,2.866,66.57000000000001,10.988000000000001,7.772,6.292,504.212,26.215999999999998
2020-13,3.15,31.832600000000003,53.894000000000005,30.534,35.05,2.9040000000000004,64.876,9.576,7.040000000000001,4.966,488.434,27.016
2020-14,3.15,31.97775,51.475,36.27,38.3625,2.9325,62.864999999999995,10.9375,6.0875,5.855,545.8825,28.365000000000002
2020-15,3.15,33.106,49.948,39.30800000000001,41.202,2.902,60.686,11.520999999999999,5.510000000000001,6.540000000000001,717.954,28.444
2020-16,3.15,33.952000000000005,46.638,37.99399999999999,40.708,2.9480000000000004,58.846000000000004,12.61,5.242,6.469999999999999,719.1940000000001,27.639999999999997
2020-17,3.15,34.114,49.708,43.855,43.31399999999999,2.948,62.117999999999995,13.8,5.164,7.184,770.316,28.476
2020-18,3.3899999999999997,33.401599999999995,52.724000000000004,50.56,43.688,2.8760000000000003,62.148,13.825,4.851999999999999,7.359999999999999,782.288,28.377999999999997
2020-19,3.814,34.2376,51.242,58.334999999999994,40.362,2.91,66.988,14.020999999999997,4.15,6.812,802.832,29.413999999999998
2020-20,3.8299999999999996,35.901799999999994,55.096000000000004,62.396,43.354,2.9360000000000004,69.514,15.698000000000002,3.9450000000000003,7.074000000000001,816.336,30.720000000000006
2020-21,3.83,37.89,51.465,57.56999999999999,46.3275,3.24,71.225,16.5775,3.315,7.2025,819.9775,32.915
2020-22,3.8299999999999996,39.513999999999996,55.652,55.23599999999999,49.279999999999994,3.368,70.172,18.237000000000002,2.428,7.628,882.5319999999999,35.222
2020-23,3.8299999999999996,38.092,58.53000000000001,50.023999999999994,51.410000000000004,3.436,70.32000000000001,18.537,2.664,7.8,964.7520000000001,34.928
2020-24,3.8299999999999996,37.659600000000005,57.80800000000001,46.938,50.398,3.3040000000000007,68.514,19.615000000000002,4.6160000000000005,7.286,993.9359999999999,33.7
2020-25,3.8299999999999996,38.692,68.71799999999999,45.766000000000005,49.988,3.40424,64.416,19.577999999999996,3.95,7.347999999999999,980.534,33.836
2020-26,3.83,38.8685,80.41749999999999,48.235,49.519999999999996,3.63,63.442499999999995,19.77,3.495,7.629999999999999,1104.3625,34.6275
2020-27,3.8299999999999996,41.876599999999996,91.528,53.39,55.864,3.778,62.205999999999996,26.499000000000002,3.414,9.104,1413.25,36.952000000000005
2020-28,3.8299999999999996,44.33,89.978,56.64000000000001,59.8,4.0280000000000005,62.068000000000005,34.629000000000005,3.446,9.767999999999999,1512.27,39.354
2020-29,3.8299999999999996,46.6108,109.06999999999998,61.60799999999999,61.742000000000004,4.418,62.480000000000004,40.236000000000004,3.8480000000000003,9.972,1546.752,43.741
2020-30,3.8299999999999996,47.790000000000006,108.10799999999999,59.614,60.260000000000005,4.587000000000001,60.322,38.585,4.066000000000001,9.812999999999999,1486.69,43.298
2020-31,3.8299999999999996,47.4,121.376,69.872,65.6,4.786499999999999,59.11800000000001,44.45,3.94,11.106,1479.862,44.353
2020-32,3.9,47.00998,116.46200000000002,71.674,73.248,5.16,62.272000000000006,45.39,3.876,11.734,1523.886,47.944
2020-33,3.9,46.8538,121.58,74.38799999999999,74.326,5.4079999999999995,60.681999999999995,47.281,3.817,11.614,1930.614,49.174
2020-34,3.9,47.615,127.03800000000001,74.802,77.938,5.328,61.802,51.886,3.65002,12.304,2128.5719999999997,50.3017
2020-35,3.8840000000000003,46.7518,107.69200000000001,73.383,75.404,5.227,59.536,54.455000000000005,3.75,11.496,449.212,50.562
2020-36,3.83,45.6562,102.07000000000001,65.99,70.2175,5.119375,60.28,54.8,3.6624999999999996,11.004999999999999,360.1375,49.60125
2020-37,3.8299999999999996,45.618,116.27799999999999,69.92399999999999,68.412,5.2707999999999995,56.318000000000005,60.564,3.4579999999999997,10.536,435.34399999999994,50.963
2020-38,3.918,45.50099999999999,119.13399999999999,71.25,61.918000000000006,5.0825,56.355999999999995,62.362,3.354,10.241999999999999,409.822,50.29114
2020-39,4.05,47.491,138.732,84.29400000000001,66.628,5.492,59.372,75.654,3.3049999999999997,12.618,426.50600000000003,53.44
2020-40,4.05,51.529999999999994,182.36999999999998,103.824,75.916,5.802,67.582,75.44200000000001,3.308,16.564,424.976,57.438
2020-41,4.24,54.81999999999999,205.76,108.32000000000001,82.48400000000001,6.093400000000001,73.018,63.802,3.282,16.8,447.76000000000005,59.955999999999996
2020-42,5.0,52.43000000000001,209.666,107.83,83.47,5.983,71.888,59.056,3.2840000000000003,16.919999999999998,424.366,57.577999999999996
2020-43,5.0,51.038000000000004,180.476,101.14200000000001,86.791,5.7214,70.288,54.616,3.25,16.098,409.96999999999997,55.509
2020-44,5.0,55.049260000000004,206.036,111.51199999999999,86.216,6.016799999999999,72.052,55.58200000000001,3.2939999999999996,18.037,422.686,58.604
2020-45,5.42,58.121,212.378,116.13999999999999,82.482,6.3365,79.222,54.372,3.2600000000000002,19.01,413.802,61.313
2020-46,5.4,58.497,76.732,125.69000000000001,82.486,6.531999999999999,76.906,58.338,6.1373999999999995,20.550000000000004,465.04400000000004,62.791999999999994
2020-47,5.3,58.79625,42.93,137.52,91.11999999999999,6.68625,74.8775,66.2125,8.1875,22.8575,559.2475,64.425
2020-48,5.35,58.34298,40.480000000000004,130.296,90.632,6.9384999999999994,76.872,60.702,12.087,21.33,582.72,66.688
2020-49,5.35,57.4,41.504000000000005,132.488,87.554,7.016499999999999,76.614,58.58399999999999,11.84,21.342000000000002,626.6360000000001,67.28599999999999
2020-50,5.35,59.489999999999995,55.396,159.35399999999998,91.106,7.053999999999999,81.326,61.416,10.03008,24.398000000000003,649.35,70.939
2020-51,5.75,64.0087,59.792500000000004,177.44,101.44999999999999,7.605,84.8575,68.485,10.583124999999999,29.5175,649.4875,76.036
2020-52,5.75,69.09074999999999,56.715,173.5225,99.3575,8.02625,89.46000000000001,67.1075,12.055,25.642500000000002,682.5325,79.395
2021-01,5.75,73.59,72.304,195.654,100.53799999999998,8.903,103.82800000000002,83.132,12.652,28.076,783.384,83.845
2021-02,7.110000000000001,66.73299999999999,77.38199999999999,202.25600000000003,102.976,8.692,110.674,90.572,12.32902,31.704,837.24,79.204
2021-03,7.11,67.05250000000001,89.4075,206.20999999999998,104.0475,8.594375,106.14,85.33,11.8625,41.3025,846.6574999999999,79.4575
2021-04,6.702000000000001,65.106,97.462,189.036,103.338,8.407,112.52799999999999,73.05,10.828,52.098,851.4019999999998,75.024
2021-05,6.3,63.370000000000005,111.36399999999999,192.82800000000003,98.106,8.136000000000001,116.04,72.84,8.724,44.17999999999999,853.902,72.957
2021-06,5.9399999999999995,56.93300000000001,120.098,201.126,100.47999999999999,7.933,122.80999999999999,79.386,8.489999999999998,48.676,829.0960000000001,69.73400000000001
2021-07,5.7,55.48925,111.2,188.35500000000002,94.2225,8.12125,113.8425,71.7525,8.1375,41.06,790.7625,71.4575
2021-08,5.7,53.976,99.10999999999999,172.60999999999999,84.806,7.505,97.73,61.367999999999995,8.172500000000001,35.206,702.616,64.062
2021-09,5.7,50.726000000000006,97.598,162.538,79.204,6.968000000000001,81.46,58.8,7.6370000000000005,33.648,655.492,59.515
2021-10,5.7,50.961999999999996,84.766,152.648,77.362,6.8887,84.76,56.516,8.926,33.172000000000004,659.5939999999999,61.0462
2021-11,5.35,51.652,84.446,161.544,80.542,6.744,79.774,56.589999999999996,8.226560000000001,33.354000000000006,678.932,60.477
2021-12,5.279999999999999,52.864999999999995,71.872,153.122,81.898,6.698,76.3,55.774,7.697,32.341,644.3059999999999,60.8
2021-13,4.975,54.417500000000004,70.8575,154.39749999999998,85.39750000000001,7.414375,77.1625,57.36,7.34,31.862500000000004,644.1474999999999,67.28999999999999
2021-14,4.95,55.24249999999999,68.99199999999999,152.366,81.826,7.464,76.558,54.162,7.866,30.732,682.892,67.114
2021-15,5.07,54.572,67.87,150.534,78.724,7.103,78.112,50.22,7.611,27.794,735.0319999999999,64.724
2021-16,5.19,51.565999999999995,77.196,154.214,83.786,7.3424000000000005,75.928,51.556,7.599500000000001,27.303999999999995,725.366,67.784
