Date,close_fslr,close_gctay,close_run,close_plug,close_spwr,close_mean
2015-08-05,51.92,3.26,10.77,2.78,27.57,19.26
2015-08-06,51.2,3.31,8.77,2.37,26.09,18.348000000000003
2015-08-07,52.08,3.31,10.14,2.4,25.09,18.604000000000003
2015-08-10,53.48,3.31,10.12,2.38,26.04,19.065999999999995
2015-08-11,51.44,3.25,9.79,2.33,24.93,18.347999999999995
2015-08-12,51.88,3.25,10.35,2.35,25.0,18.566
2015-08-13,51.11,3.25,10.12,2.27,24.5,18.25
2015-08-14,51.51,3.25,10.04,2.29,25.09,18.436
2015-08-17,51.74,3.25,10.13,2.28,25.26,18.532000000000004
2015-08-18,51.63,3.25,10.24,2.26,24.81,18.438000000000002
2015-08-19,49.94,3.1,10.73,2.19,24.43,18.077999999999996
2015-08-20,47.91,2.83,10.52,2.02,23.34,17.323999999999998
2015-08-21,45.27,2.83,9.9,1.92,21.72,16.328
2015-08-24,43.61,2.7861,9.16,1.76,22.3,15.92322
2015-08-25,44.38,2.7861,9.9,1.85,22.76,16.33522
2015-08-26,46.09,2.7861,10.78,1.72,22.34,16.74322
2015-08-27,47.84,2.99,11.0,1.75,23.87,17.490000000000002
2015-08-28,47.8,2.99,11.62,1.76,24.32,17.698
2015-08-31,47.84,2.99,11.88,1.71,24.26,17.736
2015-09-01,47.26,2.99,11.86,1.66,22.82,17.318
2015-09-02,47.96,2.99,11.59,1.71,22.95,17.44
2015-09-03,48.29,2.99,11.64,1.69,23.66,17.654
2015-09-04,46.94,2.81,11.56,1.72,22.88,17.182
2015-09-08,49.11,2.76,11.55,1.74,24.09,17.85
2015-09-09,47.73,2.82,11.39,1.7,23.78,17.484
2015-09-10,48.22,2.82,11.69,1.69,23.25,17.534
2015-09-11,48.79,2.82,11.5,1.7,23.18,17.598000000000003
2015-09-14,46.2,2.82,11.25,1.68,22.72,16.934
2015-09-15,46.58,2.82,11.49,1.69,23.45,17.206
2015-09-16,47.76,2.82,11.31,1.71,23.92,17.504
2015-09-17,46.92,2.82,11.4,1.78,24.0,17.384
2015-09-18,45.33,2.82,11.58,1.89,23.24,16.972
2015-09-21,45.14,2.82,11.74,2.17,23.35,17.044
2015-09-22,44.42,2.82,11.39,2.18,22.41,16.644
2015-09-23,43.37,2.82,11.01,2.05,21.61,16.171999999999997
2015-09-24,43.64,2.82,10.81,2.07,21.33,16.134
2015-09-25,43.29,2.82,11.13,1.93,20.95,16.024
2015-09-28,40.81,2.82,10.06,1.83,19.12,14.928
2015-09-29,41.02,2.685,9.81,1.71,19.22,14.889000000000001
2015-09-30,42.75,2.685,10.37,1.83,20.04,15.535
2015-10-01,42.68,2.685,10.3,1.88,20.34,15.577000000000002
2015-10-02,45.46,2.685,10.51,2.01,21.52,16.437
2015-10-05,46.66,2.685,10.66,2.14,22.78,16.985
2015-10-06,48.88,2.96,11.05,2.18,23.35,17.684000000000005
2015-10-07,49.91,2.96,11.19,2.15,24.32,18.106
2015-10-08,51.12,2.96,11.39,2.19,25.22,18.576
2015-10-09,51.2,2.96,11.26,2.32,24.98,18.544
2015-10-12,50.83,2.96,10.78,2.39,24.74,18.339999999999996
2015-10-13,50.58,2.96,10.69,2.3,24.5,18.206
2015-10-14,51.95,2.96,10.74,2.205,25.02,18.575
2015-10-15,52.48,2.96,10.6,2.32,24.87,18.645999999999997
2015-10-16,52.05,2.96,10.34,2.31,24.55,18.442
2015-10-19,51.19,2.96,9.81,2.5,24.25,18.142000000000003
2015-10-20,51.77,2.96,9.5,2.44,24.36,18.206
2015-10-21,49.94,2.96,8.94,2.35,23.7,17.578
2015-10-22,49.89,2.96,8.9,2.28,23.87,17.580000000000002
2015-10-23,50.43,2.96,9.08,2.31,25.0,17.956
2015-10-26,50.57,2.96,9.21,2.41,24.73,17.976000000000003
2015-10-27,49.16,2.96,9.04,2.32,23.78,17.451999999999998
2015-10-28,50.85,3.08,9.42,2.4,24.62,18.074
2015-10-29,50.99,3.08,8.91,2.39,27.36,18.546
2015-10-30,57.07,3.08,7.41,2.41,26.84,19.362000000000002
2015-11-02,57.78,3.193,7.36,2.64,27.42,19.6786
2015-11-03,58.35,3.13,7.52,2.87,27.5,19.874000000000002
2015-11-04,58.66,3.13,7.71,2.92,27.8,20.044
2015-11-05,58.33,3.13,8.07,2.86,27.44,19.966
2015-11-06,59.67,3.13,7.82,2.76,28.74,20.424
2015-11-09,58.39,3.13,7.73,2.365,28.09,19.941
2015-11-10,55.87,3.3,7.27,1.905,26.21,18.911
2015-11-11,54.75,3.3,6.99,1.84,25.62,18.5
2015-11-12,53.92,3.3,6.58,1.78,24.93,18.101999999999997
2015-11-13,52.72,3.3,7.31,1.84,23.36,17.706
2015-11-16,54.18,3.3,7.0,1.92,23.98,18.076
2015-11-17,52.75,3.25,6.72,1.84,22.36,17.384
2015-11-18,53.94,3.25,6.55,1.88,23.66,17.855999999999998
2015-11-19,53.28,3.37,6.5,1.9,22.93,17.595999999999997
2015-11-20,54.44,3.37,6.67,1.9,23.2,17.916
2015-11-23,54.88,3.37,6.6,1.92,23.14,17.982
2015-11-24,56.17,3.37,6.74,1.94,24.08,18.46
2015-11-25,56.4,3.37,6.75,2.07,23.75,18.467999999999996
2015-11-27,56.1,3.37,7.22,2.12,23.97,18.556
2015-11-30,56.51,3.37,6.65,2.2,23.96,18.538
2015-12-01,58.18,3.37,7.05,2.19,25.11,19.18
2015-12-02,59.67,3.48,7.39,2.11,26.17,19.764
2015-12-03,59.46,3.48,7.95,2.09,27.13,20.022
2015-12-04,59.84,3.6,7.85,2.08,26.68,20.01
2015-12-07,59.32,3.6,7.91,2.01,26.38,19.844
2015-12-08,59.07,3.52,7.77,1.94,25.1,19.48
2015-12-09,58.85,3.52,7.71,1.99,23.04,19.022
2015-12-10,54.35,3.52,7.57,2.07,22.39,17.979999999999997
2015-12-11,55.26,3.44,7.86,2.0,21.53,18.018
2015-12-14,58.41,3.41,9.1,1.96,23.29,19.233999999999998
2015-12-15,59.83,3.41,9.49,2.12,24.42,19.854
2015-12-16,65.62,3.57,11.63,2.24,27.91,22.193999999999996
2015-12-17,64.48,3.57,12.71,2.18,27.66,22.119999999999997
2015-12-18,63.41,3.57,13.74,2.22,28.63,22.313999999999997
2015-12-21,65.74,3.43,13.4,2.24,30.04,22.97
2015-12-22,64.99,3.43,11.6,2.245,29.89,22.431
2015-12-23,66.17,3.43,11.88,2.27,30.47,22.844
2015-12-24,66.92,3.43,12.19,2.3,30.77,23.122
2015-12-28,66.4,3.43,11.67,2.24,30.32,22.812
2015-12-29,66.41,3.43,11.7,2.24,30.53,22.862000000000002
2015-12-30,66.99,3.43,11.72,2.16,30.38,22.936
2015-12-31,65.99,3.43,11.77,2.11,30.01,22.662
2016-01-04,66.72,3.43,11.21,2.1,30.36,22.764000000000003
2016-01-05,72.03,3.43,9.61,2.06,30.46,23.518
2016-01-06,69.52,3.43,10.2,2.03,28.73,22.782000000000004
2016-01-07,66.22,3.43,9.21,1.9,26.19,21.390000000000004
2016-01-08,65.62,3.43,9.75,1.92,25.99,21.342000000000002
2016-01-11,65.42,3.43,9.31,1.85,25.23,21.048000000000002
2016-01-12,65.22,3.43,8.67,1.81,24.31,20.688000000000002
2016-01-13,61.37,3.43,8.25,1.75,23.41,19.642
2016-01-14,61.78,3.27,8.0,1.7,23.31,19.612000000000002
2016-01-15,61.32,3.27,7.75,1.66,22.71,19.342000000000002
2016-01-19,61.49,3.27,7.4,1.53,21.84,19.106
2016-01-20,61.27,3.27,8.54,1.565,21.95,19.319000000000003
2016-01-21,63.23,3.27,8.97,1.72,22.89,20.016
2016-01-22,66.44,3.27,8.79,1.82,24.56,20.976
2016-01-25,64.14,3.27,8.41,1.75,23.8,20.273999999999997
2016-01-26,67.4,3.27,8.73,1.78,24.17,21.07
2016-01-27,65.64,3.27,8.34,1.85,23.95,20.61
2016-01-28,65.88,3.27,10.05,1.77,23.77,20.947999999999997
2016-01-29,68.66,3.74,9.52,1.87,25.44,21.845999999999997
2016-02-01,69.13,3.68,8.94,1.79,25.47,21.802
2016-02-02,66.13,3.68,8.34,1.67,24.46,20.856
2016-02-03,66.49,3.65,8.1,1.68,24.88,20.96
2016-02-04,67.2,3.65,8.05,1.72,25.65,21.254
2016-02-05,65.07,3.65,7.96,1.68,24.62,20.596
2016-02-08,64.18,3.65,7.6,1.61,23.4,20.088
2016-02-09,66.48,3.65,7.2,1.56,22.96,20.370000000000005
2016-02-10,64.41,3.65,6.07,1.615,21.89,19.526999999999997
2016-02-11,61.36,3.65,5.08,1.61,20.38,18.416
2016-02-12,60.99,3.53,5.04,1.67,21.24,18.494
2016-02-16,63.05,3.54,4.96,1.74,23.55,19.368
2016-02-17,63.47,3.54,5.33,1.83,24.06,19.646
2016-02-18,63.54,3.46,5.63,1.79,22.84,19.452
2016-02-19,62.76,3.46,5.41,1.75,21.14,18.904
2016-02-22,64.23,3.46,5.06,1.84,21.88,19.294
2016-02-23,61.79,3.46,5.16,1.82,20.55,18.555999999999997
2016-02-24,69.45,3.46,5.06,1.86,22.71,20.508
2016-02-25,72.25,3.79,5.3,1.92,22.66,21.184
2016-02-26,70.25,3.75,5.51,2.02,22.61,20.828
2016-02-29,71.87,3.75,5.62,2.08,23.62,21.388
2016-03-01,69.02,3.75,5.47,2.07,23.68,20.797999999999995
2016-03-02,69.14,3.84,6.1,2.13,24.09,21.06
2016-03-03,69.71,3.84,6.4,2.22,23.97,21.228
2016-03-04,69.52,3.84,6.21,2.11,24.72,21.279999999999998
2016-03-07,69.18,3.74,6.6,1.98,24.22,21.144
2016-03-08,66.87,3.53,6.68,1.95,22.53,20.312000000000005
2016-03-09,68.49,3.53,6.65,1.9,22.98,20.71
2016-03-10,69.25,3.53,7.15,2.04,22.82,20.958000000000006
2016-03-11,70.32,3.53,6.355,2.04,23.42,21.133000000000003
2016-03-14,70.89,3.53,6.36,2.0,23.7,21.296
2016-03-15,70.78,3.53,6.31,1.93,23.36,21.182000000000002
2016-03-16,72.06,3.53,6.63,2.01,24.41,21.728
2016-03-17,73.21,3.53,6.895,2.04,24.74,22.083
2016-03-18,72.44,3.9,6.69,2.08,23.86,21.794
2016-03-21,71.24,3.9,6.72,2.07,23.99,21.583999999999996
2016-03-22,71.29,3.887,6.57,2.08,23.66,21.497400000000003
2016-03-23,68.23,3.887,6.36,1.95,21.87,20.459400000000002
2016-03-24,68.46,3.887,6.24,2.02,21.95,20.5114
2016-03-28,68.4,3.887,6.47,2.01,21.94,20.541400000000003
2016-03-29,69.3,3.92,6.4,2.08,22.53,20.846
2016-03-30,68.97,3.92,6.47,2.07,22.5,20.785999999999998
2016-03-31,68.47,3.92,6.48,2.05,22.34,20.652
2016-04-01,67.48,3.9037,6.44,2.04,22.49,20.47074
2016-04-04,67.24,3.9037,6.3,2.03,21.17,20.12874
2016-04-05,62.42,3.9037,6.57,2.0,21.35,19.248739999999998
2016-04-06,62.76,3.9037,6.965,2.03,21.51,19.43374
2016-04-07,61.26,3.9037,6.78,2.01,21.39,19.06874
2016-04-08,60.63,3.6601,6.75,2.0,21.36,18.88002
2016-04-11,59.96,3.6601,6.74,2.01,21.06,18.686020000000003
2016-04-12,60.34,3.6601,6.74,2.05,21.05,18.76802
2016-04-13,61.65,3.6601,6.87,2.05,21.66,19.17802
2016-04-14,60.42,3.6601,7.15,2.12,21.46,18.962020000000003
2016-04-15,59.59,3.68,7.04,2.11,20.96,18.676
2016-04-18,60.36,3.68,7.09,2.12,21.35,18.920000000000005
2016-04-19,60.52,3.9,7.02,2.1,21.23,18.954
2016-04-20,61.72,3.7,7.27,2.13,21.66,19.296
2016-04-21,61.94,3.7,7.76,2.15,21.46,19.402000000000005
2016-04-22,61.54,3.7,7.91,2.22,21.66,19.406
2016-04-25,60.39,3.7,7.6,2.15,21.43,19.054000000000002
2016-04-26,61.24,3.7,7.7,2.14,21.93,19.342000000000002
2016-04-27,62.03,3.7,8.39,2.13,22.09,19.668
2016-04-28,57.02,3.81,8.02,2.05,21.05,18.39
2016-04-29,55.84,3.86,7.88,2.06,20.14,17.956
2016-05-02,54.85,3.86,7.97,2.05,19.41,17.628
2016-05-03,52.85,3.86,7.59,2.01,18.33,16.928
2016-05-04,51.78,3.86,7.47,2.01,17.9,16.604000000000003
2016-05-05,51.96,4.2,7.27,1.93,17.23,16.518000000000004
2016-05-06,51.8,4.04,7.5,1.92,17.39,16.529999999999998
2016-05-09,50.6,4.04,7.39,1.93,16.85,16.162
2016-05-10,51.27,4.06,6.37,1.86,16.6,16.032
2016-05-11,50.74,4.06,6.37,1.85,17.35,16.074
2016-05-12,49.09,3.99,6.15,1.8,16.44,15.494
2016-05-13,48.56,3.99,6.61,1.79,16.61,15.512
2016-05-16,49.07,3.99,6.35,1.81,16.72,15.588
2016-05-17,48.51,4.01,6.02,1.79,16.37,15.339999999999998
2016-05-18,48.71,3.8827,6.04,1.76,16.27,15.33254
2016-05-19,47.09,3.95,6.08,1.71,15.32,14.830000000000002
2016-05-20,48.02,3.95,6.11,1.68,15.91,15.134
2016-05-23,49.04,3.95,6.35,1.76,16.58,15.536000000000001
2016-05-24,50.46,3.96,6.34,1.75,17.04,15.910000000000002
2016-05-25,50.56,3.96,6.29,1.78,17.57,16.032
2016-05-26,49.73,3.96,6.36,1.79,17.1,15.788
2016-05-27,49.9,3.9101,6.41,1.82,17.26,15.86002
2016-05-31,49.65,3.9101,6.34,1.92,17.53,15.87002
2016-06-01,50.07,4.06,6.24,1.87,17.64,15.975999999999999
2016-06-02,49.84,4.06,6.31,1.85,17.4,15.892000000000001
2016-06-03,49.25,4.06,6.07,1.91,16.45,15.547999999999998
2016-06-06,50.15,4.04,6.44,1.95,17.44,16.003999999999998
2016-06-07,50.55,4.04,6.43,1.92,17.25,16.038
2016-06-08,50.93,4.04,6.52,1.92,17.38,16.157999999999998
2016-06-09,50.45,4.04,6.43,1.85,16.85,15.924000000000001
2016-06-10,48.51,3.9136,6.3,1.8,15.6,15.22472
2016-06-13,47.79,3.72,6.06,1.76,15.23,14.912
2016-06-14,47.89,3.72,5.91,1.73,15.13,14.876
2016-06-15,48.2,3.79,6.01,1.75,14.93,14.936000000000002
2016-06-16,48.39,3.95,6.03,1.75,14.67,14.958000000000002
2016-06-17,48.52,4.05,6.02,1.75,14.8,15.028
2016-06-20,49.32,4.03,6.18,1.8,15.07,15.280000000000001
2016-06-21,48.91,3.97,6.23,1.77,14.91,15.158000000000001
2016-06-22,48.62,3.97,5.9,1.73,15.01,15.045999999999998
2016-06-23,48.65,4.03,5.89,1.75,15.47,15.158000000000001
2016-06-24,46.02,3.5301,5.59,1.71,14.16,14.202020000000001
2016-06-27,44.23,3.5301,5.22,1.64,13.49,13.622019999999997
2016-06-28,46.37,3.5301,5.49,1.76,14.73,14.37602
2016-06-29,48.09,4.033,5.65,1.82,15.21,14.9606
2016-06-30,48.48,4.14,5.93,1.86,15.49,15.179999999999998
2016-07-01,48.49,4.028,5.44,1.86,15.46,15.055599999999998
2016-07-05,47.77,3.82,5.14,1.76,14.47,14.592000000000002
2016-07-06,49.13,3.9,5.1,1.7,14.99,14.964000000000002
2016-07-07,44.34,3.83,5.14,1.69,14.44,13.888
2016-07-08,45.6,3.84,5.08,1.73,14.92,14.233999999999998
2016-07-11,46.49,3.84,5.09,1.73,14.98,14.425999999999998
2016-07-12,46.99,4.0,5.25,1.76,15.23,14.646
2016-07-13,46.2,4.0,5.12,1.74,14.85,14.382
2016-07-14,47.35,4.0,5.13,1.73,15.38,14.718
2016-07-15,47.73,3.98,5.07,1.68,15.3,14.751999999999999
2016-07-18,47.95,3.98,5.21,1.77,15.8,14.942000000000002
2016-07-19,47.74,3.98,5.15,1.8,15.44,14.822
2016-07-20,48.43,3.98,5.27,1.79,16.07,15.107999999999999
2016-07-21,48.33,3.98,5.12,1.78,15.72,14.985999999999999
2016-07-22,48.12,3.98,5.13,1.79,15.37,14.878
2016-07-25,47.99,3.98,5.08,1.82,15.25,14.824000000000002
2016-07-26,48.58,3.98,5.08,1.82,15.64,15.02
2016-07-27,48.55,4.22,5.26,1.79,15.48,15.059999999999999
2016-07-28,47.13,4.2,5.11,1.76,14.92,14.624
2016-07-29,46.68,4.15,5.18,1.79,14.58,14.475999999999999
2016-08-01,47.38,4.2,5.07,1.76,14.52,14.586000000000002
2016-08-02,47.76,4.18,5.0,1.72,14.55,14.642
2016-08-03,49.24,4.14,4.94,1.72,14.88,14.984
2016-08-04,43.72,4.14,4.96,1.7,14.46,13.796000000000001
2016-08-05,44.11,4.31,5.19,1.71,15.12,14.088
2016-08-08,43.81,4.3161,5.56,1.74,15.3,14.14522
2016-08-09,41.66,4.3161,5.5,1.72,14.78,13.595219999999998
2016-08-10,38.66,4.3161,5.22,1.7,10.31,12.04122
2016-08-11,39.01,4.4,5.41,1.69,10.63,12.227999999999998
2016-08-12,38.79,4.39,6.23,1.69,10.85,12.389999999999999
2016-08-15,38.33,4.4,6.21,1.69,10.77,12.279999999999998
2016-08-16,37.74,4.4,6.09,1.65,10.75,12.126000000000001
2016-08-17,36.89,4.31,5.95,1.67,10.36,11.836000000000002
2016-08-18,37.52,4.63,6.03,1.7,10.41,12.058000000000002
2016-08-19,37.8,4.4,5.98,1.67,10.5,12.069999999999999
2016-08-22,37.68,4.5,6.0,1.68,10.21,12.014
2016-08-23,37.45,4.5169,6.1,1.69,10.03,11.95738
2016-08-24,37.32,4.5169,5.99,1.66,9.92,11.88138
2016-08-25,37.04,4.5169,6.0,1.65,9.84,11.809379999999999
2016-08-26,37.53,4.5169,5.95,1.67,9.92,11.917380000000001
2016-08-29,37.59,4.5169,6.0,1.66,10.04,11.96138
2016-08-30,38.25,4.5169,6.01,1.56,10.28,12.123380000000001
2016-08-31,37.82,4.5169,6.08,1.55,9.96,11.98538
2016-09-01,38.44,4.56,6.06,1.54,10.1,12.14
2016-09-02,38.18,4.736,6.12,1.51,10.31,12.171199999999999
2016-09-06,38.975,4.66,6.22,1.51,10.47,12.367
2016-09-07,38.49,4.66,6.11,1.42,10.21,12.178
2016-09-08,38.47,4.66,6.19,1.45,10.12,12.177999999999999
2016-09-09,37.13,4.66,6.06,1.37,9.27,11.698000000000002
2016-09-12,37.43,4.66,6.1,1.42,9.41,11.804000000000002
2016-09-13,36.42,4.59,5.66,1.36,8.87,11.379999999999999
2016-09-14,35.03,4.573,5.54,1.37,7.64,10.8306
2016-09-15,35.35,4.573,5.52,1.44,7.72,10.920599999999999
2016-09-16,34.82,4.573,5.38,1.44,7.53,10.7486
2016-09-19,34.42,4.573,5.42,1.5,7.83,10.7486
2016-09-20,34.0,4.69,5.45,1.69,8.17,10.8
2016-09-21,34.03,4.69,5.57,1.68,8.05,10.803999999999998
2016-09-22,35.42,4.69,5.75,1.65,8.25,11.152
2016-09-23,37.06,4.85,5.92,1.63,8.52,11.596
2016-09-26,37.25,4.85,6.03,1.64,8.27,11.608
2016-09-27,39.09,4.81,6.16,1.66,8.7,12.084
2016-09-28,39.08,4.81,6.23,1.7,9.09,12.182000000000002
2016-09-29,39.08,4.81,6.24,1.69,9.03,12.17
2016-09-30,39.49,4.86,6.3,1.71,8.92,12.256
2016-10-03,38.57,4.86,6.17,1.74,8.71,12.010000000000002
2016-10-04,38.21,4.86,5.91,1.74,8.26,11.796000000000001
2016-10-05,39.74,4.86,6.26,1.74,8.84,12.288
2016-10-06,39.75,4.86,6.12,1.72,8.86,12.261999999999999
2016-10-07,37.58,4.86,6.49,1.67,8.36,11.792
2016-10-10,38.58,4.86,6.91,1.69,8.58,12.123999999999999
2016-10-11,38.28,4.44,7.02,1.65,8.24,11.925999999999998
2016-10-12,38.24,4.44,6.81,1.65,8.16,11.86
2016-10-13,38.68,4.44,6.54,1.64,8.2,11.9
2016-10-14,39.47,4.47,6.38,1.56,8.27,12.030000000000001
2016-10-17,39.3,4.5,6.42,1.52,8.5,12.048
2016-10-18,39.57,4.57,6.53,1.54,8.54,12.15
2016-10-19,41.92,4.57,6.65,1.56,8.88,12.716000000000001
2016-10-20,42.08,4.57,6.67,1.55,9.11,12.796
2016-10-21,42.25,4.7,6.27,1.62,8.99,12.766
2016-10-24,40.87,4.73,6.08,1.62,8.62,12.383999999999997
2016-10-25,40.68,4.66,5.98,1.57,8.39,12.256000000000002
2016-10-26,41.11,4.66,5.53,1.58,8.15,12.206
2016-10-27,41.06,4.66,5.37,1.56,7.75,12.08
2016-10-28,40.65,4.66,5.18,1.58,7.47,11.908
2016-10-31,40.49,4.66,5.21,1.53,7.24,11.826000000000002
2016-11-01,41.05,4.48,4.86,1.53,7.17,11.818000000000001
2016-11-02,40.58,4.4762,4.63,1.48,7.15,11.663239999999998
2016-11-03,34.51,4.31,4.65,1.48,6.4,10.27
2016-11-04,32.48,4.31,4.71,1.42,6.66,9.916
2016-11-07,33.76,4.31,4.92,1.26,7.1,10.27
2016-11-08,33.49,4.23,4.99,1.26,7.34,10.262
2016-11-09,32.1,3.96,4.79,1.25,6.3,9.68
2016-11-10,31.95,4.0,4.71,1.35,6.32,9.666
2016-11-11,32.06,3.97,5.11,1.47,6.5,9.822
2016-11-14,33.08,3.8,4.98,1.51,6.88,10.05
2016-11-15,33.19,3.8,4.91,1.45,7.19,10.107999999999999
2016-11-16,32.82,3.8,4.85,1.48,7.16,10.022
2016-11-17,31.16,3.91,4.8,1.51,6.88,9.652
2016-11-18,29.21,3.91,4.98,1.48,6.79,9.274000000000001
2016-11-21,29.38,3.93,4.82,1.46,6.61,9.24
2016-11-22,29.66,3.93,5.05,1.405,6.72,9.353
2016-11-23,29.78,3.93,5.28,1.4,6.82,9.442
2016-11-25,30.6,3.93,5.34,1.44,7.03,9.668000000000001
2016-11-28,31.11,3.93,5.38,1.4,7.13,9.790000000000001
2016-11-29,29.95,3.93,4.99,1.38,6.87,9.424000000000001
2016-11-30,30.32,4.22,5.1,1.365,6.76,9.553
2016-12-01,30.14,4.22,5.0,1.42,6.52,9.459999999999999
2016-12-02,30.15,4.22,5.09,1.43,6.64,9.505999999999998
2016-12-05,32.35,4.22,5.32,1.47,7.22,10.116
2016-12-06,32.05,4.22,5.46,1.53,6.96,10.044
2016-12-07,33.59,4.22,5.58,1.56,7.95,10.580000000000002
2016-12-08,33.17,4.22,5.65,1.53,7.59,10.431999999999999
2016-12-09,33.54,3.81,5.85,1.43,7.65,10.456
2016-12-12,33.7,3.81,5.65,1.37,7.53,10.412
2016-12-13,33.62,3.86,5.37,1.34,7.35,10.308
2016-12-14,32.54,3.81,5.24,1.37,7.19,10.03
2016-12-15,32.61,3.81,5.32,1.38,7.11,10.046000000000001
2016-12-16,35.11,3.81,5.59,1.32,7.46,10.658000000000001
2016-12-19,34.98,3.77,5.8,1.36,7.52,10.685999999999998
2016-12-20,34.47,3.77,5.55,1.33,7.35,10.494
2016-12-21,33.2,3.77,5.53,1.31,7.21,10.204000000000002
2016-12-22,32.68,3.77,5.44,1.26,7.03,10.036
2016-12-23,32.62,3.77,5.23,1.27,6.84,9.946000000000002
2016-12-27,33.99,3.77,5.61,1.3,7.24,10.382000000000001
2016-12-28,32.8,3.77,5.44,1.28,6.88,10.034
2016-12-29,32.57,3.77,5.33,1.22,6.79,9.936
2016-12-30,32.09,4.0,5.31,1.2,6.61,9.842000000000002
2017-01-03,33.54,4.0,5.59,1.21,6.85,10.238
2017-01-04,34.17,4.0,5.82,1.3,7.08,10.474
2017-01-05,33.88,4.0,5.81,1.26,7.13,10.416
2017-01-06,33.32,4.0,5.8,1.25,7.05,10.283999999999999
2017-01-09,33.57,4.0,5.67,1.25,7.15,10.328
2017-01-10,33.39,4.0,6.0,1.24,7.24,10.374
2017-01-11,35.0,4.0,6.4,1.26,7.59,10.85
2017-01-12,34.87,4.0,6.17,1.23,7.31,10.716
2017-01-13,35.75,4.0,6.25,1.25,7.45,10.940000000000001
2017-01-17,35.17,4.0,6.16,1.25,7.28,10.772
2017-01-18,34.41,4.0,6.1,1.23,7.04,10.556
2017-01-19,34.42,4.0,5.81,1.18,6.87,10.456
2017-01-20,34.75,4.0,5.88,1.18,6.99,10.56
2017-01-23,33.66,4.0,5.59,1.14,6.85,10.248000000000001
2017-01-24,32.53,4.0,5.65,1.16,6.71,10.01
2017-01-25,32.9,4.0,5.75,1.13,6.92,10.14
2017-01-26,32.28,4.0,5.7,1.13,6.86,9.994000000000002
2017-01-27,31.48,4.0,5.55,1.12,6.57,9.744
2017-01-30,31.02,4.0,5.25,1.06,6.42,9.55
2017-01-31,31.19,4.0,5.29,1.06,6.64,9.636
2017-02-01,31.79,4.23,5.57,1.02,6.72,9.866
2017-02-02,31.59,4.4,5.51,0.92,6.86,9.856
2017-02-03,32.15,4.4,5.66,0.94,7.0,10.029999999999998
2017-02-06,32.13,4.4,5.57,0.93,6.99,10.004000000000001
2017-02-07,31.79,4.4,5.59,0.9,7.01,9.937999999999999
2017-02-08,31.55,4.37,5.74,0.88,6.98,9.904000000000002
2017-02-09,32.23,4.37,5.73,0.85,6.97,10.03
2017-02-10,32.85,4.34,5.99,1.18,7.16,10.303999999999998
2017-02-13,33.33,4.34,6.06,1.1,7.14,10.394000000000002
2017-02-14,33.92,4.34,6.04,1.11,7.22,10.526
2017-02-15,34.73,4.34,6.17,1.08,7.25,10.713999999999999
2017-02-16,34.11,4.34,6.04,1.14,6.76,10.478
2017-02-17,34.84,4.34,5.96,1.11,7.89,10.828000000000001
2017-02-21,36.62,4.34,6.02,1.16,8.58,11.343999999999998
2017-02-22,33.57,4.34,5.83,1.17,8.46,10.674
2017-02-23,37.19,4.34,5.91,1.2,8.99,11.526
2017-02-24,37.9,4.43,5.85,1.13,8.89,11.64
2017-02-27,37.83,4.45,5.92,1.1,8.98,11.656
2017-02-28,36.19,4.43,5.69,1.08,8.76,11.229999999999999
2017-03-01,35.02,4.49,5.62,1.07,8.4,10.92
2017-03-02,35.52,4.52,5.48,1.07,8.52,11.022000000000002
2017-03-03,34.61,4.54,5.41,1.07,8.13,10.752
2017-03-06,33.33,4.54,5.25,1.05,7.77,10.388
2017-03-07,32.63,4.54,5.27,1.07,7.6,10.222
2017-03-08,32.66,4.54,5.24,1.06,7.56,10.212
2017-03-09,32.48,4.61,5.24,0.95,7.23,10.102
2017-03-10,32.4,4.61,5.06,1.01,7.08,10.032
2017-03-13,32.835,4.6,4.96,1.0,7.1,10.099
2017-03-14,32.07,4.53,4.89,1.03,6.98,9.9
2017-03-15,33.0,4.61,5.0,1.03,7.11,10.15
2017-03-16,32.98,4.61,5.1,1.12,7.28,10.218
2017-03-17,31.83,4.61,4.95,1.2,6.98,9.914000000000001
2017-03-20,30.34,4.61,4.9,1.22,6.56,9.526
2017-03-21,29.04,4.61,4.8,1.19,6.19,9.165999999999999
2017-03-22,28.87,4.61,4.98,1.2,6.19,9.170000000000002
2017-03-23,28.58,4.61,4.84,1.28,6.22,9.106
2017-03-24,28.31,4.61,4.91,1.36,6.07,9.052
2017-03-27,28.23,4.61,4.94,1.4,6.14,9.064
2017-03-28,28.28,4.89,5.08,1.5,6.11,9.172
2017-03-29,28.03,4.83,5.26,1.48,6.13,9.145999999999999
2017-03-30,27.47,4.83,5.22,1.46,6.09,9.014
2017-03-31,27.1,4.83,5.4,1.38,6.1,8.962
2017-04-03,26.33,4.83,5.28,1.32,6.04,8.76
2017-04-04,26.82,4.81,5.22,1.3,6.17,8.864
2017-04-05,26.58,4.6,5.03,2.25,6.18,8.928
2017-04-06,26.62,4.71,5.18,2.14,6.22,8.974
2017-04-07,26.81,4.5,5.34,2.03,6.17,8.97
2017-04-10,27.97,4.5,5.54,2.45,7.05,9.501999999999999
2017-04-11,28.1,4.74,5.46,2.64,6.7,9.528000000000002
2017-04-12,27.91,4.2,5.33,2.32,6.73,9.297999999999998
2017-04-13,27.42,4.15,5.23,2.24,6.52,9.112
2017-04-17,27.34,4.1,5.3,2.29,6.68,9.142
2017-04-18,26.89,4.3,5.19,2.25,6.83,9.092
2017-04-19,26.54,4.3,5.16,2.22,6.78,9.0
2017-04-20,26.74,4.3,5.12,2.22,6.73,9.022
2017-04-21,26.8,4.3,5.12,2.12,6.67,9.001999999999999
2017-04-24,27.08,4.35,5.27,2.17,6.74,9.122000000000002
2017-04-25,27.54,4.32,5.42,2.31,6.87,9.292
2017-04-26,28.99,4.29,5.32,2.34,7.02,9.591999999999999
2017-04-27,29.44,4.28,5.33,2.33,7.1,9.696
2017-04-28,29.55,4.27,5.29,2.24,6.94,9.658
2017-05-01,29.55,4.25,5.38,2.3,6.93,9.681999999999999
2017-05-02,30.32,4.25,5.21,2.27,7.18,9.846
2017-05-03,33.91,4.25,4.75,2.21,7.12,10.447999999999999
2017-05-04,34.24,4.37,4.71,2.14,6.68,10.428
2017-05-05,34.54,4.52,4.86,2.29,6.91,10.624
2017-05-08,35.15,4.42,4.92,2.26,6.9,10.73
2017-05-09,35.78,4.42,4.9,2.09,7.11,10.86
2017-05-10,36.57,4.42,5.09,2.15,7.32,11.11
2017-05-11,36.62,4.42,5.0,2.06,7.42,11.104000000000001
2017-05-12,36.38,4.42,4.87,2.07,7.14,10.976
2017-05-15,37.21,4.42,4.905,2.07,7.36,11.193000000000001
2017-05-16,36.78,4.42,4.9,2.04,7.21,11.07
2017-05-17,34.98,4.42,4.81,1.76,7.06,10.606
2017-05-18,34.96,4.42,4.9,1.94,7.28,10.7
2017-05-19,36.34,4.42,5.05,1.9,7.54,11.05
2017-05-22,36.43,4.42,4.9,1.94,7.73,11.084
2017-05-23,36.47,4.75,4.89,1.91,7.95,11.193999999999999
2017-05-24,38.9,4.75,4.92,1.87,8.27,11.741999999999999
2017-05-25,37.94,4.5,4.91,1.88,8.23,11.491999999999999
2017-05-26,36.84,4.5,4.94,1.9,7.95,11.226
2017-05-30,39.5,4.42,5.02,1.85,8.15,11.788
2017-05-31,38.51,4.61,5.04,1.86,7.87,11.578
2017-06-01,38.32,4.5,5.13,1.86,7.99,11.56
2017-06-02,38.33,4.47,5.12,1.93,8.02,11.573999999999998
2017-06-05,37.67,4.48,5.0,1.85,8.11,11.422
2017-06-06,37.44,4.48,5.02,1.86,8.22,11.404
2017-06-07,36.94,4.52,4.93,2.07,7.83,11.258
2017-06-08,37.8,4.52,5.34,2.14,8.18,11.596
2017-06-09,36.65,4.52,5.41,2.04,8.01,11.325999999999999
2017-06-12,36.4,4.52,5.44,2.14,7.93,11.286
2017-06-13,36.46,4.57,5.48,2.11,8.1,11.344000000000001
2017-06-14,36.19,4.57,5.49,2.08,8.07,11.28
2017-06-15,35.73,4.42,5.52,2.05,7.59,11.062000000000001
2017-06-16,35.83,4.15,5.74,2.23,7.57,11.104
2017-06-19,36.35,4.34,5.85,2.25,7.79,11.315999999999999
2017-06-20,35.45,4.09,6.36,2.19,7.51,11.120000000000001
2017-06-21,37.23,4.19,6.52,2.15,7.68,11.553999999999998
2017-06-22,38.42,4.19,6.65,2.21,8.69,12.032
2017-06-23,39.74,4.19,6.75,2.25,9.16,12.418000000000001
2017-06-26,40.17,4.19,6.83,2.18,9.05,12.484
2017-06-27,40.05,4.19,6.89,2.15,9.18,12.491999999999999
2017-06-28,40.49,4.19,7.1,2.13,9.58,12.698
2017-06-29,40.08,4.28,7.27,2.06,9.49,12.636
2017-06-30,39.88,4.28,7.12,2.04,9.34,12.532
2017-07-03,40.07,4.28,7.24,2.05,9.4,12.608
2017-07-05,39.04,4.28,6.8,2.01,8.57,12.139999999999999
2017-07-06,38.67,4.12,6.75,2.07,8.46,12.014
2017-07-07,39.4,4.06,6.79,2.03,8.74,12.204
2017-07-10,39.54,4.06,6.89,2.03,8.9,12.284
2017-07-11,39.81,4.05,6.87,2.03,9.04,12.36
2017-07-12,41.79,4.07,7.06,2.06,10.16,13.028
2017-07-13,41.53,4.06,6.99,2.09,9.87,12.908000000000001
2017-07-14,42.94,4.2,7.07,2.08,10.12,13.282
2017-07-17,42.72,4.2,7.01,2.08,10.37,13.276
2017-07-18,44.02,4.2,7.14,2.07,11.07,13.7
2017-07-19,45.67,4.2,7.27,2.13,11.15,14.084
2017-07-20,46.27,4.2,7.25,2.12,11.03,14.174000000000001
2017-07-21,45.15,3.96,7.29,2.44,10.85,13.937999999999999
2017-07-24,44.98,3.96,7.56,2.37,11.06,13.985999999999999
2017-07-25,45.46,4.11,7.35,2.32,10.99,14.046000000000001
2017-07-26,45.44,4.04,7.3,2.33,11.01,14.023999999999997
2017-07-27,44.81,3.37,7.37,2.25,11.03,13.766
2017-07-28,48.87,3.48,7.48,2.3,11.35,14.695999999999998
2017-07-31,49.31,3.23,7.53,2.26,11.14,14.693999999999999
2017-08-01,49.65,3.23,7.44,2.31,11.39,14.803999999999998
2017-08-02,48.63,3.15,7.19,2.24,9.19,14.080000000000002
2017-08-03,47.3,3.15,7.24,2.25,8.88,13.764
2017-08-04,47.98,3.15,7.27,2.25,9.25,13.979999999999999
2017-08-07,48.57,3.19,7.42,2.38,9.76,14.264000000000001
2017-08-08,47.84,3.21,7.05,2.17,9.35,13.924000000000001
2017-08-09,47.43,3.26,6.84,2.14,9.33,13.8
2017-08-10,46.75,3.08,6.69,2.0,8.96,13.495999999999999
2017-08-11,47.54,3.1,6.82,2.06,9.295,13.763
2017-08-14,48.87,3.05,6.96,2.13,9.49,14.1
2017-08-15,49.09,3.05,6.94,2.09,9.8,14.193999999999999
2017-08-16,49.07,3.05,6.84,2.08,9.55,14.117999999999999
2017-08-17,47.77,3.05,6.65,2.04,9.09,13.719999999999999
2017-08-18,48.06,3.05,6.85,2.12,9.24,13.863999999999999
2017-08-21,45.96,3.05,6.7,2.11,8.84,13.331999999999999
2017-08-22,46.59,3.0,6.71,2.16,8.91,13.474
2017-08-23,46.48,3.0,6.94,2.13,9.05,13.52
2017-08-24,47.2,2.97,7.59,2.17,9.21,13.828000000000003
2017-08-25,47.42,2.97,6.91,2.16,9.18,13.727999999999998
2017-08-28,48.02,2.89,6.93,2.17,9.1,13.822
2017-08-29,48.4,3.11,6.83,2.16,9.02,13.904
2017-08-30,48.09,3.11,6.78,2.13,8.92,13.806000000000001
2017-08-31,46.96,3.11,6.7,2.14,8.84,13.55
2017-09-01,47.84,3.11,6.77,2.19,9.03,13.788
2017-09-05,47.86,3.08,6.92,2.11,9.18,13.830000000000002
2017-09-06,47.35,3.01,7.07,2.14,9.38,13.790000000000001
2017-09-07,47.45,3.02,7.15,2.17,9.42,13.842000000000002
2017-09-08,46.91,2.96,7.04,2.13,8.59,13.526
2017-09-11,47.16,2.96,6.92,2.17,8.36,13.514
2017-09-12,47.48,2.95,6.94,2.17,8.43,13.594
2017-09-13,46.83,2.95,6.83,2.35,8.32,13.456
2017-09-14,48.43,2.83,6.86,2.23,8.57,13.783999999999997
2017-09-15,50.45,2.83,6.72,2.25,8.39,14.128
2017-09-18,48.54,2.64,6.44,2.47,8.45,13.707999999999998
2017-09-19,48.86,2.72,6.05,2.41,8.37,13.681999999999999
2017-09-20,48.85,2.72,6.02,2.74,7.86,13.638000000000002
2017-09-21,48.76,2.66,5.47,2.47,7.37,13.346
2017-09-22,51.41,2.68,5.59,2.57,7.64,13.977999999999998
2017-09-25,46.88,2.65,5.19,2.6,7.11,12.886000000000001
2017-09-26,46.17,2.58,5.4,2.6,7.22,12.794
2017-09-27,47.05,2.58,5.63,2.65,7.31,13.044
2017-09-28,46.14,2.65,5.53,2.62,7.24,12.835999999999999
2017-09-29,45.88,2.59,5.55,2.61,7.29,12.783999999999999
2017-10-02,47.18,2.67,5.53,2.75,7.34,13.094
2017-10-03,47.23,2.73,5.65,2.79,7.24,13.127999999999997
2017-10-04,47.65,2.73,5.63,2.77,7.15,13.186000000000002
2017-10-05,47.93,2.79,5.54,2.85,7.18,13.258
2017-10-06,48.21,2.64,5.58,2.97,7.1,13.3
2017-10-09,46.91,2.8,5.43,2.87,6.95,12.991999999999999
2017-10-10,47.67,2.8,5.45,2.91,6.9,13.146
2017-10-11,47.2,2.96,5.47,2.79,6.86,13.056000000000001
2017-10-12,47.11,2.99,5.39,2.87,6.95,13.062000000000001
2017-10-13,47.6,2.98,5.52,2.8,6.96,13.171999999999997
2017-10-16,47.31,2.98,5.49,2.77,6.74,13.058000000000002
2017-10-17,47.24,2.98,5.54,2.67,6.77,13.040000000000001
2017-10-18,46.94,2.98,5.54,2.55,6.65,12.931999999999999
2017-10-19,47.64,2.98,5.46,2.53,6.69,13.059999999999999
2017-10-20,47.73,2.65,5.57,2.7,6.68,13.065999999999999
2017-10-23,48.92,2.6,5.37,2.66,6.87,13.284
2017-10-24,48.61,2.59,5.44,2.71,6.92,13.254
2017-10-25,47.39,2.57,5.42,2.67,6.74,12.958000000000002
2017-10-26,47.92,2.62,5.44,2.69,6.68,13.069999999999999
2017-10-27,57.67,2.68,5.62,2.75,7.03,15.15
2017-10-30,60.43,2.68,5.72,2.73,7.16,15.744
2017-10-31,54.82,2.91,5.74,2.85,7.12,14.688000000000002
2017-11-01,57.21,2.91,5.74,2.82,7.13,15.161999999999997
2017-11-02,57.87,2.92,5.69,2.89,8.25,15.524000000000001
2017-11-03,59.87,2.78,5.65,2.87,8.64,15.962
2017-11-06,61.47,2.76,6.13,3.15,8.79,16.46
2017-11-07,60.96,2.57,5.86,3.06,8.59,16.208000000000002
2017-11-08,61.79,2.6,5.89,2.58,8.72,16.316
2017-11-09,60.54,2.54,6.24,2.51,8.56,16.078
2017-11-10,61.59,2.48,5.83,2.55,8.7,16.23
2017-11-13,61.57,2.33,6.07,2.42,8.67,16.212
2017-11-14,61.28,2.3,6.17,2.28,8.36,16.078
2017-11-15,60.6,2.41,6.08,2.25,8.33,15.934000000000001
2017-11-16,60.35,2.41,6.04,2.31,8.12,15.846000000000004
2017-11-17,60.18,2.32,6.05,2.32,7.96,15.765999999999996
2017-11-20,61.06,2.35,6.02,2.38,7.98,15.958000000000002
2017-11-21,60.24,2.3,5.92,2.47,7.91,15.767999999999997
2017-11-22,60.51,2.29,5.92,2.39,8.03,15.828
2017-11-24,60.61,2.2,5.93,2.39,8.06,15.838000000000003
2017-11-27,61.65,2.21,6.08,2.33,8.24,16.101999999999997
2017-11-28,62.13,2.5,5.73,2.35,8.63,16.267999999999997
2017-11-29,60.02,2.5,5.56,2.29,8.21,15.716000000000003
2017-11-30,62.1,2.5,5.6,2.37,8.26,16.166
2017-12-01,60.3,2.52,5.44,2.51,7.87,15.728000000000003
2017-12-04,57.27,2.46,5.49,2.36,7.085,14.932999999999998
2017-12-05,61.21,2.46,5.56,2.33,7.45,15.802000000000001
2017-12-06,63.24,2.46,5.56,2.34,7.63,16.246000000000002
2017-12-07,68.43,2.65,5.67,2.38,8.1,17.446
2017-12-08,70.02,2.65,5.73,2.41,8.34,17.830000000000002
2017-12-11,70.05,2.56,5.8,2.43,9.23,18.014000000000003
2017-12-12,68.91,2.52,5.69,2.38,8.68,17.635999999999996
2017-12-13,68.48,2.57,5.69,2.39,8.59,17.544
2017-12-14,67.89,2.66,5.86,2.32,8.99,17.543999999999997
2017-12-15,68.96,2.66,6.06,2.36,9.37,17.881999999999998
2017-12-18,70.63,2.85,6.07,2.38,9.42,18.269999999999996
2017-12-19,69.15,2.85,5.99,2.42,9.1,17.901999999999997
2017-12-20,68.69,2.8,6.07,2.41,8.9,17.774
2017-12-21,69.11,2.8,6.05,2.46,9.07,17.897999999999996
2017-12-22,68.85,2.85,6.02,2.42,9.04,17.835999999999995
2017-12-26,68.04,2.7,5.84,2.4,8.69,17.534000000000002
2017-12-27,68.84,2.7,5.87,2.41,8.79,17.722
2017-12-28,68.35,2.7,6.07,2.43,8.68,17.646000000000004
2017-12-29,67.52,2.68,5.9,2.36,8.43,17.378000000000004
2018-01-02,70.43,2.85,5.92,2.42,8.97,18.118000000000002
2018-01-03,69.8,2.86,6.05,2.42,8.83,17.991999999999997
2018-01-04,69.14,2.88,6.06,2.4,8.7,17.836000000000002
2018-01-05,69.17,2.68,6.01,2.36,8.65,17.774000000000004
2018-01-08,69.62,2.89,6.05,2.33,8.73,17.924
2018-01-09,70.02,3.0,6.01,2.32,8.52,17.973999999999997
2018-01-10,69.64,3.0,6.02,2.34,8.49,17.898
2018-01-11,76.27,3.0,6.3,2.4,9.47,19.488
2018-01-12,73.41,2.9,6.36,2.35,9.1,18.823999999999998
2018-01-16,71.22,3.0,6.06,2.28,8.62,18.236
2018-01-17,72.0,3.0,6.09,2.31,8.64,18.408
2018-01-18,71.09,3.0,5.92,2.27,8.55,18.166
2018-01-19,70.03,3.0,5.94,2.27,8.65,17.978
2018-01-22,68.96,3.27,6.04,2.25,8.72,17.848
2018-01-23,68.48,3.19,6.41,2.21,8.16,17.689999999999998
2018-01-24,68.98,3.19,6.39,2.21,7.77,17.708
2018-01-25,70.44,3.19,6.33,2.12,7.93,18.002
2018-01-26,70.56,3.11,6.33,2.08,8.14,18.044
2018-01-29,68.35,3.07,6.66,2.0,8.14,17.644
2018-01-30,67.09,3.15,6.67,1.93,8.18,17.404000000000003
2018-01-31,67.17,3.15,6.33,1.93,7.93,17.302000000000003
2018-02-01,67.55,3.15,6.07,1.92,7.81,17.300000000000004
2018-02-02,66.44,2.94,5.82,1.94,7.55,16.937999999999995
2018-02-05,63.5,2.81,5.61,1.8,7.2,16.184
2018-02-06,63.48,2.88,5.55,1.84,7.05,16.16
2018-02-07,62.94,2.88,5.54,1.98,7.04,16.076
2018-02-08,60.69,2.9,5.33,1.72,6.79,15.486
2018-02-09,61.22,2.9,5.37,1.7,6.85,15.608
2018-02-12,62.52,2.9,6.0,1.745,6.89,16.011000000000003
2018-02-13,64.22,3.01,5.97,1.78,7.38,16.472
2018-02-14,65.24,3.01,6.42,1.78,7.48,16.786
2018-02-15,65.82,3.01,6.53,1.83,7.39,16.916
2018-02-16,65.85,3.01,6.78,1.85,7.64,17.026
2018-02-20,66.58,3.17,6.73,1.77,7.49,17.148
2018-02-21,66.7,3.13,7.06,1.99,7.36,17.247999999999998
2018-02-22,66.28,3.1275,6.69,1.88,7.12,17.0195
2018-02-23,61.79,3.13,6.865,1.96,7.16,16.180999999999997
2018-02-26,65.1,3.1275,7.05,1.96,7.6,16.967499999999994
2018-02-27,63.48,3.12,6.75,1.9,7.27,16.503999999999998
2018-02-28,62.85,3.12,6.69,1.86,7.09,16.322
2018-03-01,62.09,3.03,6.94,1.81,7.06,16.186
2018-03-02,64.33,3.03,7.06,1.89,7.19,16.7
2018-03-05,66.05,3.06,7.2,1.89,7.25,17.09
2018-03-06,67.45,3.1,7.43,1.88,7.37,17.445999999999998
2018-03-07,67.95,3.12,6.76,1.83,7.35,17.402
2018-03-08,67.69,3.12,6.91,1.89,7.44,17.41
2018-03-09,67.9,3.12,7.15,1.94,7.16,17.454
2018-03-12,70.05,3.15,7.2,2.08,7.28,17.952
2018-03-13,69.15,3.18,7.27,1.97,7.19,17.752000000000002
2018-03-14,69.52,3.16,7.65,1.94,7.18,17.889999999999997
2018-03-15,68.74,3.16,7.46,1.96,7.03,17.669999999999995
2018-03-16,69.87,3.16,7.66,2.04,7.21,17.988
2018-03-19,71.26,3.17,7.63,1.98,7.47,18.302
2018-03-20,73.0,3.17,8.05,1.96,8.04,18.844
2018-03-21,73.87,3.37,8.64,1.96,8.04,19.176
2018-03-22,72.09,3.25,8.47,1.91,7.76,18.696
2018-03-23,70.65,3.19,8.43,1.89,7.74,18.380000000000003
2018-03-26,74.02,3.18,8.73,1.95,8.24,19.224
2018-03-27,71.51,3.08,8.76,1.89,7.88,18.624000000000002
2018-03-28,69.32,3.08,8.69,1.91,7.66,18.131999999999998
2018-03-29,70.98,3.2,8.93,1.89,7.98,18.596000000000004
2018-04-02,69.39,3.17,9.08,1.77,7.63,18.208
2018-04-03,69.76,3.15,9.16,1.78,7.55,18.28
2018-04-04,70.19,3.06,9.82,1.83,7.66,18.511999999999997
2018-04-05,71.64,3.1,9.94,1.83,8.07,18.915999999999997
2018-04-06,69.7,3.38,8.52,1.8,8.1,18.299999999999997
2018-04-09,70.85,3.42,8.19,1.83,8.15,18.488
2018-04-10,70.79,3.47,8.2,1.85,8.3,18.522
2018-04-11,71.25,3.24,8.28,1.86,7.95,18.516
2018-04-12,71.23,3.29,8.47,1.87,8.14,18.6
2018-04-13,70.68,3.3,8.5,1.88,8.2,18.512
2018-04-16,70.12,3.3,8.63,1.88,8.07,18.4
2018-04-17,72.68,3.34,8.75,1.96,8.35,19.016
2018-04-18,77.58,3.34,9.11,1.95,9.34,20.264000000000003
2018-04-19,76.96,3.25,8.91,1.95,9.77,20.168
2018-04-20,75.51,3.33,9.27,1.92,9.69,19.944
2018-04-23,74.37,3.34,8.82,1.9,8.95,19.476000000000003
2018-04-24,74.07,3.25,8.88,1.86,8.93,19.397999999999996
2018-04-25,73.58,3.29,8.99,1.84,8.79,19.298000000000002
2018-04-26,75.08,3.3,9.08,1.86,8.89,19.642
2018-04-27,77.95,3.3,9.25,1.82,8.96,20.256
2018-04-30,70.91,3.52,9.22,1.83,8.53,18.802
2018-05-01,67.51,3.45,9.08,1.86,8.42,18.064
2018-05-02,68.02,3.51,9.06,1.87,8.36,18.164
2018-05-03,65.98,3.44,8.89,1.84,8.14,17.658
2018-05-04,66.37,3.33,8.98,1.81,8.1,17.718
2018-05-07,67.15,3.24,9.33,1.87,8.42,18.002000000000002
2018-05-08,67.26,3.22,9.43,1.84,8.47,18.044
2018-05-09,69.43,3.28,9.83,2.0,9.01,18.71
2018-05-10,73.01,3.28,11.5,2.02,9.01,19.764000000000003
2018-05-11,72.78,3.28,10.69,2.16,8.71,19.524
2018-05-14,73.54,3.28,10.89,2.19,8.86,19.752000000000002
2018-05-15,73.44,3.28,10.85,2.15,9.2,19.784
2018-05-16,72.77,3.34,10.64,2.11,9.09,19.59
2018-05-17,71.39,3.38,10.86,2.12,9.28,19.406
2018-05-18,70.0,3.22,10.98,2.12,9.3,19.124000000000002
2018-05-21,70.92,3.25,10.91,2.22,9.45,19.35
2018-05-22,69.99,3.34,10.88,2.14,9.2,19.11
2018-05-23,68.42,3.34,10.89,2.14,8.82,18.722
2018-05-24,68.37,3.334,11.01,2.15,8.87,18.746800000000004
2018-05-25,68.25,3.16,10.91,1.97,8.8,18.618
2018-05-29,69.21,3.12,11.0,1.95,8.83,18.822
2018-05-30,69.04,3.14,11.5,1.95,8.59,18.844
2018-05-31,67.61,3.12,12.1,1.87,8.39,18.618000000000002
2018-06-01,65.93,3.12,12.27,1.89,8.44,18.330000000000002
2018-06-04,61.74,3.12,12.32,1.87,8.18,17.446000000000005
2018-06-05,58.24,3.11,12.82,1.82,7.87,16.772
2018-06-06,55.53,3.2,12.57,1.86,7.32,16.096000000000004
2018-06-07,53.28,3.11,12.28,1.85,7.28,15.559999999999999
2018-06-08,52.67,3.02,12.69,1.86,7.05,15.458000000000002
2018-06-11,51.82,3.16,12.64,1.93,7.47,15.404000000000002
2018-06-12,53.85,3.03,13.49,2.01,7.86,16.048000000000002
2018-06-13,52.69,3.01,13.98,2.01,7.98,15.934000000000001
2018-06-14,53.71,3.01,14.18,1.99,8.02,16.182
2018-06-15,51.06,3.0,13.63,1.98,7.62,15.458000000000002
2018-06-18,51.83,3.0,13.82,1.99,7.96,15.719999999999999
2018-06-19,52.23,3.0,13.78,1.98,8.09,15.815999999999999
2018-06-20,51.67,2.77,13.86,2.01,8.06,15.674000000000003
2018-06-21,52.31,2.77,13.69,1.99,7.98,15.748000000000001
2018-06-22,52.65,2.98,13.87,2.04,8.23,15.954000000000002
2018-06-25,52.64,2.98,13.45,1.94,7.79,15.76
2018-06-26,51.91,2.73,13.5,2.03,7.78,15.589999999999998
2018-06-27,50.98,2.74,13.1,1.97,7.68,15.294
2018-06-28,52.13,2.65,13.05,1.99,7.74,15.511999999999997
2018-06-29,52.66,2.65,13.15,2.02,7.67,15.629999999999999
2018-07-02,53.05,2.63,14.17,2.03,8.05,15.985999999999999
2018-07-03,52.36,2.63,14.18,2.01,7.7,15.776000000000002
2018-07-05,53.3,2.63,14.99,2.05,7.89,16.172
2018-07-06,54.53,2.63,15.49,2.02,7.87,16.508000000000003
2018-07-09,54.83,2.64,15.95,2.03,7.96,16.682
2018-07-10,55.22,2.64,15.79,2.06,7.98,16.738000000000003
2018-07-11,54.72,2.64,15.96,2.06,7.93,16.662
2018-07-12,54.7,2.64,15.96,2.18,7.97,16.690000000000005
2018-07-13,54.06,2.64,15.75,2.05,7.84,16.468
2018-07-16,54.01,2.64,15.94,2.01,7.78,16.476000000000003
2018-07-17,53.75,2.64,15.17,1.98,7.52,16.212
2018-07-18,54.0,2.64,15.16,1.99,7.38,16.233999999999998
2018-07-19,53.88,2.64,15.45,2.02,7.56,16.31
2018-07-20,53.48,2.72,14.38,1.96,7.38,15.983999999999998
2018-07-23,52.62,2.72,14.54,1.96,7.34,15.835999999999999
2018-07-24,53.05,2.73,14.74,1.91,7.3,15.945999999999998
2018-07-25,54.04,2.73,15.11,1.96,7.53,16.273999999999997
2018-07-26,53.67,2.73,15.23,1.93,7.19,16.15
2018-07-27,51.65,2.73,14.61,1.95,6.89,15.565999999999999
2018-07-30,51.57,2.73,13.85,1.91,6.78,15.367999999999999
2018-07-31,52.35,2.79,14.14,2.0,7.26,15.708000000000002
2018-08-01,53.38,2.79,14.32,1.96,7.53,15.996
2018-08-02,53.59,2.79,14.77,1.99,7.76,16.18
2018-08-03,52.84,2.79,13.84,1.95,7.3,15.744
2018-08-06,53.57,2.79,13.91,1.97,7.29,15.906
2018-08-07,53.6,2.79,14.02,1.95,7.37,15.946000000000002
2018-08-08,54.46,2.79,14.29,2.02,7.39,16.189999999999998
2018-08-09,54.45,2.79,14.34,1.91,7.32,16.162
2018-08-10,52.79,2.79,13.29,1.91,7.18,15.592000000000002
2018-08-13,52.47,2.64,13.21,1.89,6.98,15.437999999999999
2018-08-14,52.01,2.61,13.16,1.89,6.89,15.312000000000001
2018-08-15,50.7,2.61,13.26,1.86,6.69,15.024000000000001
2018-08-16,50.86,2.61,13.39,1.97,6.6,15.085999999999999
2018-08-17,51.0,2.61,12.97,1.97,6.64,15.038
2018-08-20,52.32,2.73,13.88,1.95,6.9,15.556000000000001
2018-08-21,52.93,2.8,13.98,1.95,6.92,15.716
2018-08-22,52.55,2.8,14.32,1.95,6.79,15.681999999999999
2018-08-23,51.57,2.94,13.57,2.01,6.71,15.36
2018-08-24,52.08,2.94,14.16,2.0,6.79,15.594
2018-08-27,52.61,3.01,13.97,1.97,6.76,15.664000000000001
2018-08-28,51.94,3.12,13.39,1.96,6.66,15.413999999999996
2018-08-29,53.07,3.12,13.52,1.97,6.97,15.729999999999999
2018-08-30,52.16,3.12,13.1,1.94,6.74,15.411999999999997
2018-08-31,52.08,3.12,13.12,1.97,6.72,15.401999999999997
2018-09-04,51.31,3.12,12.78,1.95,6.72,15.175999999999998
2018-09-05,51.26,2.85,12.64,1.91,6.71,15.073999999999998
2018-09-06,50.15,2.82,12.33,1.89,6.53,14.744
2018-09-07,48.51,2.82,12.26,1.92,6.37,14.376
2018-09-10,48.16,2.98,11.95,1.83,6.46,14.275999999999996
2018-09-11,48.45,2.983,12.7,1.76,6.88,14.554599999999999
2018-09-12,48.9,2.9,13.1,1.77,6.86,14.705999999999998
2018-09-13,48.41,2.74,13.09,1.75,6.64,14.526
2018-09-14,48.21,2.6,13.13,1.87,6.7,14.502
2018-09-17,47.75,2.6,12.56,1.83,6.58,14.264000000000001
2018-09-18,49.55,2.6,12.89,1.91,7.55,14.899999999999997
2018-09-19,49.6,2.6,12.75,1.89,7.95,14.958000000000002
2018-09-20,50.29,2.6,12.84,1.93,8.07,15.146000000000004
2018-09-21,49.98,2.6,12.5,1.9,7.89,14.974
2018-09-24,50.23,2.6,12.51,1.88,7.78,15.0
2018-09-25,49.65,2.6,12.52,1.97,7.72,14.892
2018-09-26,48.55,2.5,12.46,1.92,7.56,14.597999999999999
2018-09-27,48.52,2.5,12.07,1.9,7.44,14.486
2018-09-28,48.42,2.57,12.44,1.92,7.3,14.529999999999998
2018-10-01,48.98,2.34,12.24,1.93,7.11,14.52
2018-10-02,49.23,2.28,13.54,1.9,7.33,14.856
2018-10-03,48.3,2.28,12.85,1.9,7.12,14.49
2018-10-04,47.65,2.28,12.59,1.87,7.03,14.284
2018-10-05,46.97,2.28,12.48,1.87,6.83,14.086000000000002
2018-10-08,47.27,2.21,11.99,1.86,6.8,14.026000000000002
2018-10-09,47.13,2.21,12.12,1.86,6.77,14.018
2018-10-10,46.36,2.23,11.19,1.74,6.71,13.645999999999997
2018-10-11,45.37,2.1,11.38,1.78,6.48,13.422
2018-10-12,45.53,2.19,12.22,1.81,6.53,13.656
2018-10-15,46.12,2.19,12.41,1.88,6.69,13.858
2018-10-16,47.61,2.19,13.16,1.93,6.95,14.368
2018-10-17,47.22,2.19,13.05,1.93,6.89,14.256
2018-10-18,46.71,2.26,12.72,1.91,6.91,14.101999999999999
2018-10-19,46.59,2.26,12.73,1.94,7.01,14.106
2018-10-22,45.35,2.26,12.79,1.92,6.75,13.813999999999998
2018-10-23,44.19,2.12,12.38,1.87,6.65,13.441999999999998
2018-10-24,42.43,2.15,11.75,1.86,6.42,12.922
2018-10-25,43.52,2.28,11.86,1.85,6.52,13.206
2018-10-26,39.375,2.24,11.44,1.83,6.21,12.219
2018-10-29,36.915,2.24,11.5,1.8,5.94,11.678999999999998
2018-10-30,39.78,2.12,11.96,1.84,6.42,12.424000000000001
2018-10-31,41.8,2.12,12.26,1.85,6.01,12.807999999999998
2018-11-01,41.46,2.12,12.6,1.89,6.23,12.86
2018-11-02,43.0,2.19,13.12,1.9,6.09,13.26
2018-11-05,43.93,2.19,12.66,1.92,6.36,13.412
2018-11-06,42.83,2.51,12.97,1.91,6.18,13.279999999999998
2018-11-07,44.17,2.64,13.19,1.93,6.44,13.674000000000001
2018-11-08,42.67,2.64,12.59,1.94,6.26,13.220000000000002
2018-11-09,42.22,2.81,12.3,1.87,6.25,13.089999999999998
2018-11-12,42.71,2.64,12.44,1.85,6.34,13.196000000000002
2018-11-13,42.45,2.78,12.13,1.81,6.14,13.062000000000001
2018-11-14,42.54,2.78,12.59,1.8,6.08,13.157999999999998
2018-11-15,44.08,2.65,13.12,1.84,6.28,13.594
2018-11-16,44.37,2.65,13.07,1.84,6.51,13.687999999999999
2018-11-19,43.94,2.65,12.79,1.78,6.35,13.501999999999999
2018-11-20,42.05,2.65,11.8,1.75,5.99,12.847999999999999
2018-11-21,42.6,2.65,12.29,1.8,6.06,13.079999999999998
2018-11-26,43.43,2.65,13.03,1.73,7.05,13.578
2018-11-27,44.87,2.65,14.11,1.76,7.16,14.11
2018-11-28,45.4,2.82,14.53,1.78,7.31,14.368
2018-11-29,44.34,2.83,14.7,1.77,6.93,14.114
2018-11-30,44.45,2.83,14.65,1.75,6.85,14.106
2018-12-03,46.4,2.83,14.91,1.7,6.98,14.564000000000002
2018-12-04,44.5,2.83,14.28,1.69,6.66,13.991999999999999
2018-12-06,43.71,2.795,14.61,1.62,6.72,13.891
2018-12-07,42.59,2.8,13.96,1.57,6.54,13.492
2018-12-10,43.21,2.8,14.14,1.5,6.62,13.654
2018-12-11,42.45,2.795,14.12,1.5,6.3,13.433000000000002
2018-12-12,43.6,2.8,14.41,1.46,6.41,13.736
2018-12-13,45.3,2.8,14.26,1.45,6.31,14.023999999999997
2018-12-14,43.64,2.8,13.02,1.37,6.11,13.388
2018-12-17,42.04,2.796,13.11,1.31,5.79,13.009200000000002
2018-12-18,43.23,2.8,12.4,1.18,5.87,13.095999999999998
2018-12-20,42.37,2.8,10.48,1.01,5.39,12.409999999999998
2018-12-21,40.55,2.8,10.9,1.02,5.07,12.068
2018-12-24,39.24,2.8,10.52,1.02,4.6,11.636000000000001
2018-12-26,41.99,2.796,11.16,1.31,4.95,12.4412
2018-12-27,42.3,2.8,10.91,1.3,4.94,12.449999999999998
2018-12-28,42.39,2.29,10.6,1.32,5.06,12.332
2018-12-31,42.455,2.456,10.89,1.24,4.97,12.4022
2019-01-02,42.56,2.456,10.98,1.33,5.07,12.479200000000002
2019-01-03,43.44,2.466,9.78,1.26,5.04,12.3972
2019-01-04,46.32,2.47,10.38,1.34,5.32,13.166000000000002
2019-01-07,45.79,2.47,10.56,1.53,5.48,13.166
2019-01-08,46.23,2.56,10.71,1.6,5.22,13.264000000000001
2019-01-09,46.96,2.56,11.47,1.51,5.34,13.568000000000001
2019-01-10,47.74,2.67,11.51,1.45,5.42,13.758000000000001
2019-01-11,47.5,2.67,11.65,1.48,5.47,13.754
2019-01-14,46.73,2.54,11.73,1.45,5.5,13.59
2019-01-15,46.86,2.49,11.74,1.39,5.48,13.592000000000002
2019-01-16,47.3,2.49,11.69,1.39,5.42,13.657999999999998
2019-01-17,48.38,2.49,12.07,1.4,5.49,13.966
2019-01-18,47.94,2.49,12.16,1.38,5.43,13.88
2019-01-23,46.54,2.59,11.92,1.36,5.19,13.52
2019-01-24,48.6,2.59,12.01,1.37,5.49,14.011999999999997
2019-01-25,49.86,2.55,12.19,1.36,5.51,14.294
2019-01-28,50.7,2.6,12.24,1.37,5.56,14.494000000000003
2019-01-29,50.08,2.77,12.23,1.4,5.46,14.388
2019-01-30,50.71,2.84,12.4,1.39,5.64,14.596
2019-01-31,50.59,2.81,13.3,1.37,5.81,14.776000000000002
2019-02-01,48.43,2.97,13.32,1.34,5.61,14.334
2019-02-04,49.29,2.97,13.66,1.38,5.62,14.584
2019-02-05,49.31,2.87,13.92,1.38,5.86,14.667999999999997
2019-02-06,48.89,2.87,14.33,1.36,5.74,14.638
2019-02-07,48.0,2.87,14.6,1.34,5.89,14.540000000000001
2019-02-08,48.1,2.87,14.68,1.34,5.71,14.540000000000001
2019-02-11,49.72,2.87,14.9,1.36,5.81,14.931999999999999
2019-02-12,50.26,2.95,14.93,1.37,5.8,15.062000000000001
2019-02-13,50.64,2.85,15.15,1.4,5.94,15.196000000000002
2019-02-14,51.02,2.89,15.1,1.67,6.29,15.394000000000002
2019-02-15,49.18,3.14,15.26,1.62,5.92,15.024000000000001
2019-02-19,52.06,3.12,15.47,1.69,6.26,15.720000000000002
2019-02-20,51.69,3.12,15.46,1.78,6.19,15.648
2019-02-21,51.95,3.12,15.5,1.78,6.5,15.77
2019-02-25,51.77,3.0825,15.71,1.75,6.33,15.7285
2019-02-26,51.89,3.08,15.64,1.77,6.45,15.766
2019-02-27,52.38,3.08,15.59,1.79,6.44,15.856
2019-02-28,52.55,3.08,15.51,1.79,6.45,15.876000000000001
2019-03-01,53.41,3.05,15.96,1.8,6.47,16.137999999999998
2019-03-04,52.49,3.05,16.3,1.86,6.43,16.026
2019-03-05,52.19,3.05,15.57,1.87,6.37,15.810000000000002
2019-03-06,51.37,2.93,15.21,1.81,6.28,15.52
2019-03-07,50.36,2.93,14.83,1.97,6.13,15.244
2019-03-08,51.16,2.93,14.73,1.95,6.15,15.384
2019-03-11,53.62,2.93,14.86,2.11,6.51,16.006
2019-03-12,53.93,2.93,14.73,2.2,6.39,16.036
2019-03-13,54.71,2.96,14.73,2.38,6.53,16.262
2019-03-14,54.44,3.05,14.57,2.59,6.43,16.216
2019-03-18,54.68,3.05,14.83,2.4,6.44,16.28
2019-03-19,55.45,3.15,14.68,2.53,6.65,16.492
2019-03-20,55.65,3.15,14.85,2.62,6.71,16.595999999999997
2019-03-21,54.81,3.15,15.1,2.54,6.5,16.42
2019-03-22,52.41,3.15,14.25,2.48,6.14,15.686000000000002
2019-03-25,51.72,3.15,14.08,2.36,6.14,15.49
2019-03-26,50.92,3.15,14.23,2.4,6.22,15.384
2019-03-27,51.19,3.15,14.23,2.36,6.25,15.435999999999998
2019-03-28,52.02,3.15,14.27,2.42,6.44,15.66
2019-03-29,52.84,3.08,14.06,2.4,6.51,15.778000000000002
2019-04-01,54.11,3.31,14.18,2.35,6.77,16.144
2019-04-02,53.9,3.3,14.22,2.45,6.9,16.154000000000003
2019-04-03,54.85,3.25,14.87,2.45,7.24,16.532
2019-04-04,55.38,3.25,14.82,2.55,7.3,16.66
2019-04-05,56.29,3.29,15.24,2.63,7.4,16.97
2019-04-08,57.08,3.29,15.39,2.77,7.62,17.229999999999997
2019-04-09,56.13,3.29,14.96,2.59,7.47,16.887999999999998
2019-04-10,60.77,3.29,15.84,2.67,7.8,18.074
2019-04-11,60.63,3.285,15.86,2.67,7.72,18.033
2019-04-12,60.18,3.29,15.68,2.59,7.59,17.866000000000003
2019-04-15,60.23,3.29,15.62,2.51,7.47,17.824
2019-04-17,60.66,3.5,16.51,2.56,7.51,18.148000000000003
2019-04-18,59.85,3.5,16.27,2.57,7.43,17.924
2019-04-22,59.96,3.5,16.27,2.5,7.48,17.942
2019-04-23,61.62,3.43,16.69,2.53,7.54,18.362000000000002
2019-04-24,61.82,3.43,16.91,2.58,7.57,18.462
2019-04-25,61.25,3.49,16.93,2.53,7.48,18.336
2019-04-26,61.54,3.4825,17.1,2.52,7.62,18.4525
2019-04-29,61.84,3.55,17.13,2.53,7.65,18.54
2019-04-30,61.53,3.55,15.21,2.49,7.22,17.999999999999996
2019-05-01,60.87,3.55,15.34,2.51,7.17,17.888
2019-05-02,59.86,3.55,15.44,2.46,7.2,17.701999999999998
2019-05-03,61.76,3.55,16.0,2.57,7.54,18.284
2019-05-06,60.29,3.45,16.46,2.51,7.56,18.054000000000002
2019-05-07,61.69,3.27,16.75,2.47,7.78,18.392
2019-05-08,60.33,3.47,16.6,2.42,7.58,18.080000000000002
2019-05-09,58.92,3.47,15.53,2.31,7.38,17.522
2019-05-10,59.99,3.24,15.07,2.35,8.2,17.770000000000003
2019-05-13,58.4,3.24,14.3,2.23,7.97,17.228
2019-05-14,59.33,3.24,14.77,2.28,7.97,17.518
2019-05-15,59.86,3.28,14.78,2.33,8.12,17.674
2019-05-16,60.67,3.18,16.07,2.42,8.38,18.144
2019-05-17,58.38,3.18,15.8,2.55,8.0,17.582
2019-05-20,57.77,3.24,15.71,2.57,7.91,17.439999999999998
2019-05-21,58.94,3.24,16.62,2.51,8.2,17.902
2019-05-22,59.06,3.25,16.7,2.53,8.14,17.936
2019-05-23,57.33,3.04,15.45,2.5,7.73,17.21
2019-05-24,57.31,3.04,15.64,2.5,7.78,17.254
2019-05-28,58.35,3.04,15.49,2.67,7.85,17.479999999999997
2019-05-29,57.86,3.04,15.58,2.59,7.72,17.358
2019-05-30,59.64,3.04,15.95,2.62,7.86,17.822
2019-05-31,58.04,3.04,15.66,2.56,7.46,17.351999999999997
2019-06-03,58.75,3.1,15.89,2.59,7.59,17.584000000000003
2019-06-04,60.87,3.25,16.0,2.58,8.16,18.172
2019-06-05,60.93,3.25,16.18,2.54,8.15,18.210000000000004
2019-06-06,61.42,3.25,16.19,2.56,8.35,18.354
2019-06-07,62.53,3.29,16.34,2.55,8.34,18.610000000000003
2019-06-10,63.16,3.34,16.6,2.66,8.4,18.832
2019-06-11,64.25,3.34,16.51,2.62,8.46,19.036
2019-06-12,59.88,3.34,16.3,2.6,7.96,18.016
2019-06-13,62.15,3.35,16.9,2.65,8.46,18.702000000000005
2019-06-14,61.24,3.36,16.46,2.55,8.24,18.369999999999997
2019-06-17,60.94,3.4,17.09,2.4,8.28,18.422000000000004
2019-06-18,62.87,3.4,18.27,2.31,10.15,19.4
2019-06-19,62.78,3.2826,18.26,2.29,10.46,19.414520000000003
2019-06-21,62.91,3.54,18.52,2.3,10.34,19.522
2019-06-24,62.68,3.54,18.68,2.09,10.33,19.464000000000002
2019-06-25,61.76,3.54,18.3,2.05,10.0,19.13
2019-06-26,62.57,3.54,18.38,2.14,10.16,19.357999999999997
2019-06-27,65.47,3.54,18.6,2.22,10.54,20.074
2019-06-28,65.68,3.37,18.76,2.25,10.69,20.150000000000002
2019-07-01,66.13,3.37,19.83,2.24,11.23,20.56
2019-07-02,66.65,3.43,20.33,2.3,11.29,20.8
2019-07-03,66.19,3.43,20.22,2.28,11.47,20.718
2019-07-05,66.84,3.26,20.21,2.35,11.99,20.93
2019-07-08,66.64,3.26,19.82,2.32,12.39,20.886
2019-07-09,67.11,3.38,19.87,2.3,12.47,21.026
2019-07-10,66.26,3.38,19.89,2.3,12.13,20.791999999999998
2019-07-11,66.11,3.38,19.64,2.29,11.69,20.622
2019-07-12,65.98,3.22,19.91,2.29,11.66,20.612000000000002
2019-07-15,66.0,3.46,19.72,2.33,11.5,20.601999999999997
2019-07-16,64.49,3.46,20.22,2.31,11.4,20.375999999999998
2019-07-17,64.81,3.46,20.39,2.33,11.04,20.406
2019-07-18,65.96,3.39,19.98,2.31,10.91,20.509999999999998
2019-07-19,66.53,3.39,19.77,2.31,10.99,20.598
2019-07-22,66.59,3.39,19.89,2.28,10.7,20.57
2019-07-23,66.4,3.39,18.79,2.25,10.59,20.284000000000002
2019-07-24,66.04,3.5,18.7,2.29,10.29,20.164000000000005
2019-07-25,65.57,3.5,18.74,2.27,10.21,20.058
2019-07-26,65.02,3.5,18.77,2.25,10.26,19.96
2019-07-29,66.05,3.5,18.64,2.25,10.76,20.240000000000002
2019-07-30,66.04,2.89,19.12,2.24,10.8,20.218
2019-07-31,64.49,2.75,19.05,2.21,11.69,20.037999999999997
2019-08-01,66.83,2.93,19.63,2.15,14.52,21.212
2019-08-02,66.63,2.93,19.49,2.15,15.1,21.259999999999998
2019-08-05,62.01,2.73,18.38,2.13,13.44,19.737999999999996
2019-08-06,62.8,2.83,18.72,2.15,13.47,19.994
2019-08-07,63.87,2.83,19.98,2.1,14.75,20.706
2019-08-08,64.76,2.83,18.74,2.1,14.54,20.594
2019-08-09,63.5,2.83,16.36,2.09,14.31,19.818
2019-08-12,60.94,2.85,16.01,2.05,13.21,19.012
2019-08-13,62.19,2.7,16.14,2.11,13.42,19.312
2019-08-14,58.99,2.7,15.13,2.01,12.37,18.240000000000002
2019-08-15,59.26,2.57,14.69,2.01,12.41,18.188
2019-08-16,61.69,2.57,15.39,2.09,12.88,18.924
2019-08-19,63.07,2.77,15.77,2.23,13.23,19.414
2019-08-20,63.08,2.77,15.89,2.21,13.74,19.537999999999997
2019-08-21,63.87,2.63,15.65,2.2,13.57,19.584000000000003
2019-08-22,63.05,2.63,15.47,2.18,13.28,19.322
2019-08-23,60.89,2.63,14.66,2.11,12.73,18.604000000000003
2019-08-26,62.24,2.63,15.18,2.15,13.15,19.070000000000004
2019-08-27,61.86,2.63,14.84,2.13,13.02,18.895999999999997
2019-08-28,62.05,2.72,14.82,2.14,13.16,18.978
2019-08-29,62.49,2.73,15.17,2.17,13.19,19.15
2019-08-30,62.07,2.72,15.33,2.17,12.52,18.962
2019-09-03,60.97,2.72,14.79,2.14,12.34,18.592
2019-09-04,62.46,2.72,15.33,2.15,13.27,19.186
2019-09-05,62.83,2.86,15.3,2.17,13.38,19.308
2019-09-06,62.81,2.75,15.03,2.26,12.75,19.12
2019-09-09,62.0,2.83,14.95,2.33,12.28,18.878
2019-09-10,62.38,2.83,14.93,2.45,12.29,18.976000000000006
2019-09-11,63.31,2.91,15.64,2.5,12.73,19.418
2019-09-12,62.23,3.0,15.83,2.55,12.17,19.156
2019-09-13,63.7,3.0,15.96,2.65,12.44,19.55
2019-09-16,63.44,3.0,16.46,2.76,12.94,19.720000000000002
2019-09-17,65.82,3.0,17.48,2.72,14.5,20.704
2019-09-18,65.75,3.0,17.37,2.82,14.41,20.669999999999998
2019-09-19,67.07,3.0,17.46,2.81,15.09,21.086000000000002
2019-09-20,66.7,3.0,17.3,2.8,14.7,20.9
2019-09-23,67.31,2.82,17.54,2.8,15.01,21.095999999999997
2019-09-24,65.48,2.82,16.68,2.72,13.81,20.302
2019-09-25,67.1,2.82,16.93,2.7,13.83,20.676
2019-09-26,62.54,2.82,16.64,2.65,12.49,19.428
2019-09-27,58.46,2.82,16.14,2.59,11.45,18.292
2019-09-30,58.01,2.77,16.705,2.63,10.97,18.217
2019-10-01,56.28,2.77,16.26,2.51,10.39,17.642000000000003
2019-10-02,55.905,2.77,15.5,2.41,10.15,17.347
2019-10-03,57.17,2.6,15.77,2.38,10.35,17.654
2019-10-04,59.315,2.6,16.22,2.45,10.55,18.226999999999997
2019-10-07,56.96,2.6,16.52,2.54,10.18,17.76
2019-10-08,56.96,2.6,16.55,2.63,10.12,17.772
2019-10-09,56.2,2.59,16.685,2.66,9.79,17.585
2019-10-10,56.63,2.59,16.94,2.69,9.78,17.726
2019-10-11,56.82,2.59,17.51,2.675,9.97,17.913
2019-10-14,56.49,2.59,17.21,2.75,9.65,17.738
2019-10-15,55.88,2.59,17.215,2.78,9.46,17.585
2019-10-16,55.01,2.59,16.935,2.8,9.28,17.323
2019-10-17,55.25,2.74,16.77,2.94,9.46,17.432
2019-10-18,55.22,2.74,17.0,3.04,9.58,17.516000000000002
2019-10-21,56.34,2.76,17.05,2.92,10.18,17.85
2019-10-22,56.22,2.76,15.26,2.9,9.32,17.292
2019-10-23,55.28,2.76,15.93,2.97,9.36,17.259999999999998
2019-10-24,55.89,2.76,15.67,3.05,9.24,17.321999999999996
2019-10-25,52.66,2.79,15.24,2.98,9.21,16.576
2019-10-28,53.24,2.85,15.86,2.92,9.32,16.838
2019-10-29,53.29,2.78,15.97,2.75,9.41,16.84
2019-10-30,51.85,2.68,15.86,2.64,8.4,16.286
2019-10-31,51.79,2.68,15.54,2.65,8.76,16.284
2019-11-01,52.58,2.86,15.59,2.78,8.82,16.526
2019-11-04,53.06,2.88,14.915,2.79,8.3,16.389000000000003
2019-11-05,53.87,2.62,14.95,2.77,8.53,16.548
2019-11-06,53.36,2.66,14.85,2.85,8.73,16.49
2019-11-07,52.63,2.82,14.77,2.66,8.47,16.27
2019-11-08,51.97,2.83,14.74,2.73,8.37,16.128
2019-11-11,52.48,2.85,14.43,2.94,8.47,16.233999999999998
2019-11-12,52.97,2.85,14.485,3.07,8.52,16.378999999999998
2019-11-13,53.09,2.89,13.77,3.38,7.99,16.223999999999997
2019-11-14,52.54,2.99,14.4,3.42,7.98,16.266000000000002
2019-11-15,53.36,3.05,14.71,3.49,8.3,16.582
2019-11-18,53.15,2.96,14.44,3.75,8.26,16.512
2019-11-19,54.59,3.03,14.09,3.39,8.53,16.726000000000003
2019-11-20,54.32,2.86,13.54,3.48,7.42,16.324
2019-11-21,53.86,2.86,13.42,3.37,7.15,16.132
2019-11-22,54.38,2.84,13.49,3.38,7.2,16.258
2019-11-25,54.96,3.06,13.75,3.7,7.36,16.566000000000003
2019-11-26,55.09,3.06,13.79,3.9,7.22,16.612000000000002
2019-11-27,55.62,3.06,13.99,4.0,7.58,16.85
2019-11-29,55.24,3.06,13.88,3.9,7.49,16.714000000000002
2019-12-02,54.72,3.2,13.55,3.8,7.28,16.509999999999998
2019-12-03,54.35,3.17,13.51,3.38,7.43,16.368000000000002
2019-12-04,54.79,3.22,13.35,3.3,7.37,16.406
2019-12-05,52.3,3.16,13.21,3.09,7.09,15.77
2019-12-06,53.37,3.16,13.62,3.15,7.24,16.108
2019-12-09,52.44,3.23,13.31,3.0,7.23,15.841999999999999
2019-12-10,52.47,3.13,13.26,3.07,7.2,15.825999999999999
2019-12-11,53.87,3.2,13.19,3.22,7.56,16.208000000000002
2019-12-12,55.04,3.36,14.17,3.14,7.54,16.65
2019-12-13,54.98,3.39,13.94,3.09,7.67,16.614
2019-12-16,56.53,3.54,14.26,3.17,7.91,17.082
2019-12-17,56.3,3.45,14.29,3.07,7.89,16.999999999999996
2019-12-18,56.49,3.45,14.67,2.9,7.95,17.092000000000002
2019-12-19,57.07,3.41,14.79,2.93,7.69,17.178000000000004
2019-12-20,57.31,3.48,14.37,2.94,7.72,17.163999999999998
2019-12-23,57.86,3.53,14.4,2.96,7.88,17.326
2019-12-24,57.98,3.53,14.59,3.11,8.04,17.45
2019-12-26,58.66,3.45,14.55,3.15,8.27,17.616
2019-12-27,56.41,3.51,14.16,3.08,7.97,17.026
2019-12-30,56.26,3.5,13.74,3.08,7.87,16.89
2019-12-31,55.96,3.5,13.81,3.16,7.8,16.845999999999997
2020-01-02,57.24,3.49,14.185,3.24,7.83,17.197
2020-01-03,57.02,3.37,14.37,3.23,7.37,17.072000000000003
2020-01-06,55.83,3.41,14.38,3.82,7.47,16.981999999999996
2020-01-07,56.67,3.32,14.7,3.81,7.64,17.228
2020-01-08,56.7,3.32,14.64,4.08,7.68,17.284
2020-01-09,56.7,3.35,15.0,4.05,7.89,17.398000000000003
2020-01-10,56.5,3.33,14.91,4.14,7.74,17.323999999999998
2020-01-13,57.44,3.29,15.24,4.1,8.41,17.695999999999998
2020-01-14,58.78,3.27,15.27,4.04,8.65,18.002000000000002
2020-01-15,54.75,3.27,15.19,4.2,8.63,17.208000000000002
2020-01-16,53.93,3.35,16.6,4.19,8.79,17.371999999999996
2020-01-17,53.52,3.38,17.18,4.17,8.77,17.404000000000003
2020-01-21,51.55,3.36,17.37,4.32,8.77,17.073999999999998
2020-01-22,50.56,3.36,16.85,4.05,8.72,16.708000000000002
2020-01-23,52.02,3.34,16.955,3.93,9.06,17.061
2020-01-24,51.94,3.35,16.79,3.9,8.78,16.952
2020-01-27,50.49,3.35,16.33,3.81,8.39,16.474
2020-01-28,51.11,3.35,16.96,4.08,8.66,16.832
2020-01-29,50.9,3.48,16.95,4.04,8.66,16.806
2020-01-30,50.72,3.155,17.48,3.99,8.73,16.815
2020-01-31,49.58,3.1358,17.03,3.865,8.52,16.42616
2020-02-03,50.24,3.32,17.54,3.85,8.78,16.746
2020-02-04,52.67,3.75,18.25,4.09,9.28,17.608
2020-02-05,53.1,3.595,18.99,4.13,9.53,17.869
2020-02-06,52.65,3.38,19.13,4.25,9.79,17.839999999999996
2020-02-07,52.46,3.28,18.95,4.25,9.52,17.692
2020-02-10,52.75,3.24,19.96,4.38,9.5,17.966
2020-02-11,53.525,3.46,20.13,4.41,9.89,18.282999999999998
2020-02-12,56.12,3.39,21.3,4.48,10.94,19.246000000000002
2020-02-13,54.61,3.39,21.3,4.46,8.82,18.516
2020-02-14,55.26,3.39,21.42,4.42,8.34,18.566
2020-02-18,55.65,3.39,21.77,4.85,9.21,18.974
2020-02-19,57.37,3.39,22.48,5.72,10.42,19.875999999999998
2020-02-20,59.32,3.45,23.4,5.51,10.69,20.474
2020-02-21,50.59,3.49,21.95,5.57,10.2,18.36
2020-02-24,51.21,3.2,22.13,5.2,9.94,18.336000000000002
2020-02-25,48.57,3.17,20.8,4.83,9.51,17.376
2020-02-26,46.11,3.15,20.91,4.75,8.88,16.759999999999998
2020-02-27,44.25,3.12,20.27,4.04,8.36,16.008000000000003
2020-02-28,45.77,3.07,19.34,4.34,8.57,16.218
2020-03-02,44.95,3.29,19.36,4.36,8.72,16.136
2020-03-03,44.21,3.24,19.515,4.51,8.91,16.077
2020-03-04,45.48,3.46,20.8,4.76,9.23,16.746000000000002
2020-03-05,45.47,3.29,21.3,4.54,9.35,16.79
2020-03-06,43.37,3.29,20.22,4.33,8.55,15.951999999999998
2020-03-09,39.15,3.03,16.79,3.93,6.88,13.956
2020-03-10,41.08,2.9,16.72,4.14,6.87,14.341999999999999
2020-03-11,37.23,2.87,15.05,3.78,6.22,13.029999999999998
2020-03-12,36.56,2.41,11.68,3.27,5.06,11.796000000000001
2020-03-13,35.96,2.75,11.2,3.38,5.06,11.67
2020-03-16,31.54,2.75,9.49,2.76,4.49,10.206
2020-03-17,32.26,3.03,9.92,3.28,5.36,10.77
2020-03-18,30.2,2.82,8.9,2.83,4.92,9.934
2020-03-19,33.46,2.58,9.11,3.12,5.56,10.766
2020-03-20,33.69,2.58,8.36,3.32,5.81,10.751999999999999
2020-03-23,33.07,2.68,9.02,3.42,6.16,10.87
2020-03-24,33.71,2.83,11.16,3.73,6.78,11.642
2020-03-25,34.79,3.0,12.16,3.84,6.67,12.092000000000002
2020-03-26,37.62,2.97,12.38,3.81,6.38,12.632000000000001
2020-03-27,35.63,2.85,10.22,3.72,5.47,11.578
2020-03-30,36.06,2.85,9.81,3.58,5.39,11.538
2020-03-31,36.06,2.97,10.1,3.54,5.07,11.548
2020-04-01,33.44,2.9,9.32,3.31,4.74,10.742
2020-04-02,35.31,2.9,9.8,3.4,4.9,11.262
2020-04-03,34.38,2.9,8.85,3.35,4.73,10.842000000000002
2020-04-06,36.75,2.91,9.98,3.69,5.55,11.776
2020-04-07,37.35,2.91,10.57,3.65,5.66,12.028
2020-04-08,38.9,2.91,11.47,3.82,5.92,12.604000000000001
2020-04-09,40.45,3.0,11.73,3.82,6.29,13.058000000000002
2020-04-13,40.61,3.0,11.1,4.12,6.41,13.047999999999998
2020-04-14,42.12,2.9,12.065,4.27,6.67,13.604999999999999
2020-04-15,40.93,2.87,11.46,4.18,6.48,13.184000000000001
2020-04-16,40.15,2.75,11.11,4.49,6.47,12.994
2020-04-17,42.2,2.99,11.87,4.52,6.67,13.65
2020-04-20,41.0,2.9,12.35,4.42,6.3,13.394
2020-04-21,39.18,3.0,12.01,4.22,6.15,12.912
2020-04-22,40.23,3.0,12.64,4.33,6.38,13.315999999999999
2020-04-23,42.29,2.88,13.11,4.3,6.84,13.884
2020-04-24,40.84,2.96,12.94,4.4,6.68,13.563999999999998
2020-04-27,43.26,2.91,13.52,4.5,6.88,14.213999999999999
2020-04-28,41.77,2.97,13.69,4.44,7.11,13.996
2020-04-29,45.55,2.99,14.8,4.42,7.73,15.098000000000003
2020-04-30,44.01,2.88,14.03,4.185,7.35,14.491
2020-05-01,41.98,2.99,12.96,3.92,6.85,13.74
2020-05-04,43.4,2.8,13.425,4.09,7.12,14.167000000000002
2020-05-05,43.1,2.89,13.25,4.17,7.2,14.122
2020-05-06,43.12,2.89,13.87,4.17,7.51,14.312000000000001
2020-05-07,44.66,2.9,13.81,4.37,7.26,14.6
2020-05-08,44.16,2.9,14.77,4.55,7.71,14.817999999999998
2020-05-11,42.87,2.87,14.56,4.31,7.37,14.396
2020-05-12,40.35,2.91,13.97,4.275,7.07,13.715
2020-05-13,39.43,2.91,13.54,4.11,6.81,13.36
2020-05-14,39.79,2.91,13.965,4.06,6.47,13.439000000000002
2020-05-15,39.37,2.95,14.07,4.08,6.34,13.362
2020-05-18,42.37,3.03,15.14,4.17,7.17,14.376
2020-05-19,43.23,2.83,15.51,4.17,7.47,14.642
2020-05-20,43.94,2.87,15.91,4.22,7.14,14.815999999999999
2020-05-21,43.76,2.97,16.07,4.17,6.87,14.768
2020-05-22,43.47,2.98,15.86,4.11,6.72,14.628
2020-05-26,46.56,3.18,16.33,4.22,7.28,15.514
2020-05-27,46.61,3.18,16.85,4.33,7.29,15.652000000000001
2020-05-28,45.52,3.28,16.43,4.245,7.02,15.299000000000001
2020-05-29,46.62,3.32,16.7,4.21,7.22,15.613999999999999
2020-06-01,48.01,3.35,17.67,4.28,7.4,16.142000000000003
2020-06-02,47.9,3.35,17.94,4.15,7.37,16.142000000000003
2020-06-03,49.5,3.39,18.6,4.17,7.78,16.688000000000002
2020-06-04,49.61,3.33,18.285,5.0,7.59,16.762999999999998
2020-06-05,51.38,3.42,18.69,4.88,8.0,17.274
2020-06-08,54.44,3.46,19.64,5.28,8.92,18.348
2020-06-09,53.06,3.55,19.33,5.095,8.07,17.820999999999998
2020-06-10,51.19,3.56,18.62,5.66,7.64,17.334
2020-06-11,48.94,3.26,17.165,4.75,7.0,16.223
2020-06-12,49.42,3.35,17.93,5.06,7.37,16.626
2020-06-15,50.11,3.35,18.99,5.21,7.36,17.003999999999998
2020-06-16,51.31,3.37,20.1,5.45,7.67,17.580000000000002
2020-06-17,49.9,3.47,19.29,5.29,7.04,16.998
2020-06-18,50.47,3.16,19.8,5.39,7.08,17.18
2020-06-19,50.2,3.17,19.895,5.48,7.28,17.205000000000002
2020-06-22,49.8,3.37,19.97,5.57,7.14,17.169999999999995
2020-06-23,51.92,3.37,19.74,6.43,7.46,17.784
2020-06-24,49.08,3.3312,19.72,7.57,7.23,17.38624
2020-06-25,50.38,3.47,19.88,7.35,7.7,17.756
2020-06-26,48.76,3.48,18.58,6.83,7.21,16.971999999999998
2020-06-29,49.61,3.51,19.52,7.99,7.47,17.619999999999997
2020-06-30,49.5,3.71,19.72,8.21,7.66,17.76
2020-07-01,49.09,3.57,19.84,8.87,7.63,17.8
2020-07-02,49.88,3.73,20.0,9.1,7.76,18.094
2020-07-06,53.41,3.63,21.34,9.98,8.48,19.368000000000002
2020-07-07,53.16,3.68,26.17,9.34,8.61,20.192
2020-07-08,58.06,3.8,28.27,9.5,9.42,21.81
2020-07-09,57.2,3.9,27.83,8.95,9.78,21.532000000000004
2020-07-10,57.49,3.88,28.885,9.3,9.23,21.757
2020-07-13,56.21,3.92,30.09,8.31,8.97,21.5
2020-07-14,61.78,3.82,33.78,8.65,9.87,23.580000000000002
2020-07-15,60.98,4.09,35.815,9.04,10.6,24.104999999999997
2020-07-16,59.03,4.1,36.65,9.06,9.79,23.726
2020-07-17,61.0,4.21,36.81,8.99,9.61,24.124
2020-07-20,62.16,4.37,38.4,8.6,10.35,24.776
2020-07-21,60.74,4.33,38.98,9.08,9.79,24.584000000000003
2020-07-22,61.15,4.44,40.35,8.95,9.86,24.95
2020-07-23,62.5,4.52,42.46,8.53,10.12,25.625999999999998
2020-07-24,62.16,4.43,40.99,8.52,9.74,25.168
2020-07-27,62.26,4.555,42.5,8.35,10.66,25.665
2020-07-28,59.68,4.46,40.46,8.06,9.79,24.49
2020-07-29,60.11,4.53,36.605,8.19,9.745,23.836000000000002
2020-07-30,59.7,4.78,36.67,7.97,9.54,23.732
2020-07-31,59.55,4.61,36.69,7.71,9.33,23.577999999999996
2020-08-03,60.84,4.65,39.78,9.16,9.9,24.866000000000003
2020-08-04,64.04,4.73,43.54,9.13,11.11,26.51
2020-08-05,65.73,4.89,46.4,9.33,11.5,27.570000000000004
2020-08-06,64.46,4.8175,46.53,10.73,11.16,27.539499999999997
2020-08-07,72.93,4.845,46.0,11.28,11.86,29.383000000000003
2020-08-10,72.5,4.82,47.28,12.04,12.13,29.753999999999998
2020-08-11,70.19,5.13,42.37,11.305,11.63,28.125
2020-08-12,73.53,5.25,44.94,10.63,11.91,29.252
2020-08-13,75.71,5.32,46.73,11.36,11.65,30.154000000000003
2020-08-14,74.31,5.28,45.63,11.4,11.35,29.594
2020-08-17,73.61,5.44,47.73,12.2,11.48,30.091999999999995
2020-08-18,74.41,5.5,46.31,12.77,11.75,30.148000000000003
2020-08-19,75.85,5.43,48.14,13.65,11.91,30.996000000000002
2020-08-20,73.66,5.32,45.995,13.67,11.23,29.974999999999994
2020-08-21,74.1,5.35,48.23,12.93,11.7,30.461999999999996
2020-08-24,76.52,5.37,51.0,12.34,12.15,31.476
2020-08-25,77.37,5.355,50.79,12.85,13.275,31.928000000000004
2020-08-26,78.19,5.48,50.03,13.05,13.62,32.074
2020-08-27,77.61,5.18,52.1,12.99,11.045,31.784999999999997
2020-08-28,80.0,5.255,55.51,13.07,11.43,33.053
2020-08-31,76.59,5.29,56.555,12.98,11.19,32.521
2020-09-01,78.42,5.37,58.27,14.13,11.93,33.624
2020-09-02,77.45,5.32,57.075,13.14,12.05,33.007000000000005
2020-09-03,72.5,5.175,51.15,11.55,11.22,30.319
2020-09-04,72.06,4.98,49.225,11.76,11.09,29.823
2020-09-08,69.37,5.09,51.89,11.73,10.99,29.814000000000004
2020-09-09,71.7,5.18,55.24,12.13,11.73,31.195999999999998
2020-09-10,69.89,5.1275,56.19,12.12,10.66,30.797499999999996
2020-09-11,69.91,5.08,55.88,11.71,10.64,30.644000000000005
2020-09-14,71.46,5.16,59.1,12.24,10.97,31.786
2020-09-15,72.89,5.31,61.01,12.53,11.02,32.55200000000001
2020-09-16,71.96,5.364,62.33,12.94,10.69,32.6568
2020-09-17,64.0,5.28,59.52,12.84,9.89,30.306000000000004
2020-09-18,61.75,5.24,60.86,13.56,10.11,30.303999999999995
2020-09-21,61.67,5.2025,60.2,13.36,10.03,30.0925
2020-09-22,61.55,4.99,62.8,12.93,10.17,30.487999999999992
2020-09-23,62.02,5.03,61.72,12.075,10.21,30.210999999999995
2020-09-24,61.3,5.1,60.63,11.24,10.14,29.682000000000006
2020-09-25,63.05,5.09,66.46,11.65,10.66,31.381999999999998
2020-09-28,65.37,5.19,71.98,13.2,11.7,33.488
2020-09-29,65.76,5.39,72.8,13.16,11.96,33.814
2020-09-30,66.2,5.45,77.07,13.41,12.51,34.928
2020-10-01,68.57,5.73,79.97,13.995,13.36,36.325
2020-10-02,67.24,5.7,76.45,14.14,13.56,35.41799999999999
2020-10-05,71.5,5.75,78.62,15.74,15.56,37.434000000000005
2020-10-06,73.44,5.62,78.57,16.23,15.61,37.89399999999999
2020-10-07,78.71,5.91,78.05,18.225,17.33,39.644999999999996
2020-10-08,77.12,5.9,70.54,17.88,16.89,37.666
2020-10-09,78.81,5.83,71.43,18.43,17.43,38.386
2020-10-12,79.31,6.07,63.79,17.64,16.52,36.666000000000004
2020-10-13,82.93,6.044,65.35,17.1,16.66,37.6168
2020-10-14,83.72,6.21,63.27,17.3,16.87,37.474000000000004
2020-10-15,82.28,6.08,64.21,17.03,16.98,37.315999999999995
2020-10-16,84.18,6.063,62.39,16.27,16.97,37.174600000000005
2020-10-19,83.43,6.0375,62.38,16.39,17.52,37.151500000000006
2020-10-20,84.3,6.0075,62.58,16.285,17.69,37.372499999999995
2020-10-21,81.6,5.96,56.82,14.86,16.12,35.072
2020-10-22,82.65,5.94,57.47,14.96,16.41,35.486000000000004
2020-10-23,85.37,5.97,56.03,15.03,16.86,35.852
2020-10-26,83.75,5.832,56.3,14.455,16.42,35.3514
2020-10-27,82.39,5.775,54.66,14.785,15.49,34.62
2020-10-28,93.31,5.62,55.84,14.8,16.2,37.154
2020-10-29,87.46,5.75,54.26,14.81,16.39,35.734
2020-10-30,87.045,5.63,52.02,14.0,15.99,34.937
2020-11-02,88.89,5.654,54.18,15.47,16.845,36.2078
2020-11-03,87.24,6.01,54.0,16.95,17.05,36.25
2020-11-04,79.78,5.94,54.0,16.61,16.57,34.58
2020-11-05,86.9,6.31,58.0,18.835,19.39,37.887
2020-11-06,88.27,6.17,57.73,18.86,20.33,38.27199999999999
2020-11-09,86.11,6.0025,55.49,20.31,19.26,37.4345
2020-11-10,80.75,6.16,53.59,20.01,18.565,35.815
2020-11-11,84.2,6.52,54.0,23.0,19.51,37.446
2020-11-12,81.4,6.53,53.38,23.45,18.73,36.69799999999999
2020-11-13,79.95,6.47,55.4,23.43,18.985,36.847
2020-11-16,80.21,6.45,55.53,25.0,19.73,37.384
2020-11-17,81.48,6.52,58.49,22.98,20.44,37.982
2020-11-18,81.99,6.51,56.73,23.22,19.85,37.66
2020-11-19,84.06,6.49,59.5,23.79,21.03,38.974000000000004
2020-11-20,84.69,6.69,61.44,24.36,21.7,39.775999999999996
2020-11-23,86.92,6.61,63.79,26.87,21.93,41.224000000000004
2020-11-24,90.41,6.57,66.34,26.72,22.99,42.606
2020-11-25,92.45,6.615,67.97,26.16,23.35,43.309
2020-11-27,94.7,6.95,66.75,26.24,23.16,43.56
2020-11-30,93.43,7.18,64.08,26.39,22.16,42.647999999999996
2020-12-01,91.06,6.99,62.49,24.47,21.24,41.25
2020-12-02,90.49,6.8725,60.99,24.07,21.65,40.814499999999995
2020-12-03,88.92,6.81,58.24,23.85,20.69,39.702
2020-12-04,89.26,6.84,57.71,24.85,20.91,39.914
2020-12-07,88.75,7.11,58.63,24.75,21.05,40.05800000000001
2020-12-08,89.89,7.015,61.31,28.74,22.18,41.827000000000005
2020-12-09,86.22,6.9375,57.12,26.74,20.82,39.5675
2020-12-10,86.54,7.02,57.58,27.19,21.16,39.897999999999996
2020-12-11,86.37,7.0,58.28,26.77,21.5,39.984
2020-12-14,86.59,6.89,57.1,25.7,21.99,39.654
2020-12-15,91.26,7.04,63.17,28.47,24.87,42.962
2020-12-16,91.77,7.02,61.8,28.46,25.01,42.812
2020-12-17,92.32,7.045,62.31,30.57,24.62,43.373000000000005
2020-12-18,93.59,7.275,62.7,31.625,25.5,44.138
2020-12-21,96.41,7.42,66.18,32.37,27.51,45.977999999999994
2020-12-22,105.16,7.67,69.27,35.69,30.65,49.688
2020-12-23,101.83,7.58,69.87,36.14,30.04,49.092
2020-12-24,102.4,7.75,68.62,35.58,29.87,48.84400000000001
2020-12-28,101.19,8.06,67.88,33.57,26.31,47.402
2020-12-29,96.98,7.98,63.77,32.46,24.73,45.184000000000005
2020-12-30,100.34,8.0,67.4,34.19,25.89,47.164
2020-12-31,98.92,8.065,69.38,33.91,25.64,47.18300000000001
2021-01-04,101.24,8.31,69.98,32.17,25.31,47.402
2021-01-05,92.16,8.48,73.09,32.55,24.74,46.20400000000001
2021-01-06,99.69,8.945,85.17,35.0,29.73,51.70700000000001
2021-01-07,105.5,9.62,90.92,47.29,31.3,56.926
2021-01-08,104.1,9.16,96.5,53.775,29.3,58.56699999999999
2021-01-11,103.76,9.1,95.62,53.97,29.65,58.42
2021-01-12,104.32,8.6,93.44,66.02,30.24,60.524
2021-01-13,104.18,8.79,90.63,69.5,31.59,60.938
2021-01-14,106.04,8.69,88.92,66.54,35.08,61.053999999999995
2021-01-15,96.58,8.28,84.25,60.14,31.96,56.242
2021-01-19,100.24,8.51,85.62,66.47,36.85,59.53800000000001
2021-01-20,101.75,8.37,81.9,62.5,37.37,58.378
2021-01-21,107.53,8.7875,87.41,63.69,43.78,62.2395
2021-01-22,106.67,8.71,86.39,66.87,47.21,63.169999999999995
2021-01-25,104.94,9.0,78.61,65.72,47.33,61.11999999999999
2021-01-26,104.69,8.63,75.71,73.18,53.92,63.226
2021-01-27,102.81,8.02,69.82,64.42,52.34,59.48199999999999
2021-01-28,105.1,8.165,71.84,65.28,52.89,60.654999999999994
2021-01-29,99.15,8.22,69.27,63.17,54.01,58.763999999999996
2021-02-01,98.31,7.95,69.88,63.85,48.69,57.73599999999999
2021-02-02,97.29,8.1,71.22,64.25,43.76,56.924
2021-02-03,98.94,8.34,74.12,67.38,44.79,58.714
2021-02-04,98.59,8.2,73.9,67.67,40.13,57.698
2021-02-05,97.4,8.09,75.08,65.77,43.53,57.974000000000004
2021-02-08,100.33,8.06,75.4,66.19,45.35,59.06600000000001
2021-02-09,101.85,7.79,77.57,67.48,49.12,60.762
2021-02-10,99.88,7.66,78.08,64.33,49.14,59.818
2021-02-11,99.59,8.06,82.2,63.99,49.96,60.760000000000005
2021-02-12,100.75,8.095,83.68,63.19,49.81,61.105
2021-02-16,98.71,8.385,77.22,59.0,46.54,57.971000000000004
2021-02-17,95.84,8.16,74.2,56.23,43.61,55.60799999999999
2021-02-18,91.38,8.02,67.09,50.23,36.33,50.61
2021-02-19,90.96,7.92,68.5,55.89,37.76,52.205999999999996
2021-02-22,86.61,7.73,63.39,48.6,33.53,47.972
2021-02-23,86.97,7.465,60.33,46.58,35.39,47.346999999999994
2021-02-24,88.03,7.39,62.56,50.16,37.75,49.178000000000004
2021-02-25,81.4,7.52,57.98,43.34,34.59,44.966
2021-02-26,81.02,7.42,62.58,48.38,34.77,46.833999999999996
2021-03-01,84.89,7.45,67.15,52.46,38.19,50.028000000000006
2021-03-02,83.19,7.31,64.34,48.78,35.15,47.754000000000005
2021-03-03,78.88,6.81,56.62,43.81,32.95,43.814
2021-03-04,75.36,6.74,53.42,40.02,31.27,41.362
2021-03-05,73.7,6.53,52.47,39.3,30.68,40.536
2021-03-08,71.45,6.5,47.55,38.11,29.09,38.540000000000006
2021-03-09,76.67,6.82,53.68,42.32,32.25,42.348
2021-03-10,75.72,6.8,55.6,42.83,32.3,42.65
2021-03-11,81.02,7.2,63.46,48.16,35.92,47.152
2021-03-12,81.95,7.1235,62.29,47.25,36.3,46.9827
2021-03-15,82.53,6.98,62.12,46.46,36.95,47.008
2021-03-16,82.46,6.92,56.77,42.68,34.0,44.566
2021-03-17,80.14,6.68,57.01,39.33,33.29,43.28999999999999
2021-03-18,77.61,6.56,51.47,36.36,30.67,40.534000000000006
2021-03-19,79.97,6.58,55.58,38.28,31.86,42.45399999999999
2021-03-22,81.83,6.74,57.38,38.91,34.44,43.86
2021-03-23,80.52,6.73,56.15,36.79,32.15,42.468
2021-03-24,80.72,6.63,55.25,33.2,30.69,41.298
2021-03-25,80.73,6.5,53.0,34.1,31.555,41.17700000000001
2021-03-26,85.69,6.89,57.09,34.03,32.87,43.31400000000001
2021-03-29,81.61,6.94,51.91,30.78,29.24,40.096
2021-03-30,86.53,7.3225,57.92,34.04,31.52,43.4665
2021-03-31,87.3,7.74,60.48,35.84,33.45,44.962
2021-04-01,86.15,7.655,59.13,35.26,33.24,44.287
2021-04-05,83.12,7.8,55.16,33.44,32.5,42.403999999999996
2021-04-06,84.21,7.45,56.22,34.67,32.53,43.016000000000005
2021-04-07,81.0,7.27,54.21,31.96,29.54,40.796
2021-04-08,81.19,7.47,53.62,32.62,29.38,40.856
2021-04-09,79.61,7.33,51.6,32.3,29.71,40.11
2021-04-12,78.75,7.0,50.81,29.68,28.2,38.888
2021-04-13,78.99,7.055,51.25,29.29,28.55,39.027
2021-04-14,78.57,7.1,49.68,28.39,28.41,38.43
2021-04-15,77.17,7.11,47.2,26.09,26.44,36.80200000000001
2021-04-16,80.14,7.25,52.16,27.24,27.37,38.83200000000001
2021-04-19,80.21,7.15,48.54,25.24,26.54,37.536
2021-04-20,79.36,6.99,48.23,25.25,25.93,37.152
2021-04-21,83.65,7.272,52.22,27.14,27.38,39.532399999999996
2021-04-22,87.15,7.67,53.1,26.5,27.66,40.416000000000004
2021-04-23,88.56,7.63,55.69,27.98,29.01,41.773999999999994
2021-04-26,89.79,7.63,56.85,29.29,29.49,42.61
2021-04-27,89.69,7.89,56.11,28.55,29.0,42.248000000000005
2021-04-28,88.7,7.64,53.5,28.86,27.91,41.321999999999996
2021-04-29,87.29,7.43,51.86,28.27,27.14,40.398
2021-04-30,76.53,7.07,49.0,28.51,25.69,37.36
2021-05-03,75.77,6.88,47.55,26.63,24.86,36.338
2021-05-04,73.82,6.465,43.4,24.6,23.0,34.257
2021-05-05,74.39,6.7,41.84,24.29,23.28,34.1
2021-05-06,73.63,6.48,46.73,22.56,22.56,34.392
2021-05-07,74.62,6.67,45.64,23.05,23.37,34.67
2021-05-10,72.19,6.35,40.8,20.07,21.44,32.17
2021-05-11,71.89,6.29,42.94,23.6,22.26,33.396
2021-05-12,69.73,6.005,39.63,22.24,21.25,31.771000000000004
2021-05-13,69.57,6.03,39.45,21.96,20.91,31.583999999999996
2021-05-14,72.58,6.3,41.42,24.58,22.24,33.424
2021-05-17,71.55,6.2,40.0,24.94,21.95,32.928
2021-05-18,72.39,6.48,40.11,27.02,22.195,33.638999999999996
