Year-Week,first_solar,meridian_energy,plug_power,siemens_gamesa,sunpower,sunrun
2011-00,0.0,,0.0,0.6605,0.049006666666666664,0.6124
2011-01,0.10480641025641027,0.08626666666666667,0.4115,0.36878620689655167,0.2115826086956522,0.2582266666666666
2011-02,0.15686708860759493,-0.03613333333333333,0.16460823529411767,0.39402105263157905,0.29315405405405404,0.15802333333333338
2011-03,0.17591382978723402,0.46241000000000004,0.07503982300884955,0.43319622641509425,0.18386097560975612,0.15287794117647055
2011-04,0.13779352517985607,-0.11241999999999999,-0.0677875,0.4274799999999999,0.2122942307692307,0.2109252631578946
2011-05,0.1133585987261146,-0.016422222222222203,0.16336399999999998,0.39459344262295076,0.34538372093023256,0.25960412371134023
2011-06,0.1038741379310345,0.21461999999999998,0.20620000000000002,0.3440659999999997,0.30316470588235295,0.26591016949152546
2011-07,0.1626327044025157,0.04294444444444444,-0.02612857142857144,0.36795599999999967,0.13338681318681317,0.45141351351351383
2011-08,0.07415466666666666,0.28735161290322586,0.0,0.4569032967032967,0.10034399999999996,0.5979102564102567
2011-09,0.07379177489177494,0.31096428571428575,0.17436000000000001,0.3438901408450702,0.08313736263736263,0.1127534562211982
2011-10,0.1025557894736842,0.2672333333333334,-0.14049999999999999,0.38160136986301346,0.26059268292682924,0.4079743902439025
2011-11,0.06636682692307692,0.31818,0.12796470588235292,0.3038154639175257,0.23827073170731708,0.26350689655172405
2011-12,0.12686640000000002,0.4450166666666668,0.04683333333333333,0.4069760563380279,0.2383627906976744,0.16730769230769235
2011-13,0.13739345238095238,0.3398461538461538,0.07450857142857144,0.3951690909090912,0.3406131578947368,0.23774576271186437
2011-14,0.14443389830508477,,0.19650000000000004,0.31156714285714276,0.31613225806451617,0.2491234567901235
2011-15,0.07087990867579907,,-0.17,0.4190874999999999,0.27962682926829263,0.26606313131313114
2011-16,0.07880230769230767,0.26089999999999997,0.14877692307692308,0.297998684210526,0.3802,0.29169983065199034
2011-17,0.08437621621621623,0.27661428571428576,0.2926583333333334,0.42041538461538447,0.1473532608695652,0.1507506944444444
2011-18,0.045968932038834946,0.15893333333333334,0.04830000000000001,0.3237044444444443,0.11760431034482764,0.14651484375000012
2011-19,0.09818166666666668,0.33668750000000003,0.1782344827586207,0.41295874999999993,-0.06252178217821783,0.19253720930232562
2011-20,0.0653158878504673,0.41381904761904764,0.06457777777777778,0.37862926829268256,0.23471475409836076,0.29696666666666666
2011-21,0.1414766423357664,0.3876833333333334,-0.026416666666666668,0.36445783783783814,0.27241333333333334,0.36784387096774246
2011-22,0.16563297872340424,-0.03673333333333332,0.0,0.3550693877551018,0.32333333333333336,0.24859062500000004
2011-23,0.09554864864864865,0.260075,0.0,0.328233333333333,0.1632473684210526,0.08506231884057963
2011-24,0.16980749999999994,0.216015,,0.38182474226804136,0.24713571428571415,0.20345357142857146
2011-25,0.157919,0.35127,0.0,0.32444361702127633,0.538356692913386,0.469716788321167
2011-26,0.1730925170068026,0.35997142857142855,0.10684583333333335,0.4122848837209303,0.31876271186440674,0.3643163265306122
2011-27,0.12015942028985507,0.4136000000000001,0.0,0.3750340206185568,0.3224,0.41155121951219503
2011-28,0.1310295454545454,0.4366818181818182,-0.09924285714285715,0.3990763440860216,0.26147317073170734,0.2080967462039041
2011-29,0.11231866666666666,0.30616000000000004,0.09180943396226417,0.3514559999999998,0.27856341463414636,0.32460458715596346
2011-30,0.24501984732824433,0.37000833333333333,0.09149999999999998,0.4117087301587307,0.2291523076923076,0.1996196808510637
2011-31,0.0107095238095238,0.52385,0.0,0.3517465346534653,0.3953877551020409,0.18114105263157892
2011-32,0.11537475728155341,0.36190833333333333,0.0,0.34791970802919736,0.2514907692307692,0.21707166666666666
2011-33,0.041701503759398496,0.41354615384615384,0.0,0.32202530120481904,0.2516704545454546,0.31700000000000006
2011-34,0.10600813008130085,0.43494210526315796,0.0,0.3825048780487803,0.22254081632653067,0.3332933333333331
2011-35,0.1704738738738739,0.36612352941176474,0.0,0.3832132978723406,0.2959152542372881,0.3222560344827585
2011-36,-0.02219406779661018,0.28734166666666666,0.05741428571428571,0.47072947976878676,0.2648823529411764,0.41194328358208976
2011-37,-0.0012894308943089431,0.1770142857142857,0.029600000000000005,0.37939191919191884,0.3446552631578947,0.040601973684210556
2011-38,0.061478754578754576,0.35152500000000003,0.0344,0.3548180451127818,0.37305806451612894,0.36078936170212766
2011-39,0.0740337662337662,0.30545,0.0,0.2529006329113925,0.3250451612903226,0.31494320987654323
2011-40,0.07640424710424713,0.36835,0.30605,0.36890425531914883,0.2998698113207548,0.43680333333333377
2011-41,-0.011587261146496821,0.06577999999999999,0.08895,0.3108812500000001,0.2718216666666665,0.34813452380952387
2011-42,0.019264824120603027,0.3066,0.12806250000000005,0.14571344827586225,0.17621320754716985,0.2796948717948718
2011-43,0.0497550102249488,0.4163,0.20314375,0.3838263888888895,0.2693325,0.3821727272727272
2011-44,0.08472734375000003,0.255475,0.5241206896551723,0.34783644859813095,0.20999,0.12234462365591403
2011-45,0.023414141414141415,0.39716666666666667,0.1558177777777778,0.3446831578947371,0.3065696428571429,0.25822857142857136
2011-46,0.06654484536082475,0.0683,0.4584620689655173,0.3893878787878794,0.31748928571428575,0.11993025210084031
2011-47,0.032830000000000005,0.39988823529411766,0.5814300000000001,0.42212101449275374,0.36112352941176473,0.36765454545454546
2011-48,0.16610457516339872,0.2043047619047619,0.07055714285714286,0.35130000000000017,0.34493421052631573,0.31620379746835436
2011-49,0.09726133720930233,0.3436,0.038318181818181814,0.34777599999999986,0.16442916666666668,0.39195932203389805
2011-50,0.045446241134751805,0.14161666666666664,0.13396666666666665,0.3344263565891474,0.18532826086956525,0.35636972477064216
2011-51,0.11259196787148594,0.23285,0.0,0.36881904761904744,0.12737051282051284,0.20231129032258066
2011-52,0.12522479338842976,0.4588,0.28076666666666666,0.3032154929577463,0.1609617283950617,0.08282777777777778
2012-01,0.05776074766355142,0.48406666666666665,,0.3567962499999998,0.12198833333333331,0.29775555555555555
2012-02,0.09969609609609588,0.27212000000000003,0.0,0.35905729166666656,0.18145076923076928,0.23910769230769235
2012-03,0.17331050847457574,0.21956111111111118,0.26353333333333334,0.21254208633093527,0.16803,0.2410467532467532
2012-04,0.09878647058823525,0.13315,0.09866666666666668,0.3198097014925372,0.14164210526315787,0.31137816901408416
2012-05,0.18120607476635514,0.22628666666666666,0.19578,0.3699993975903617,0.18575079365079364,0.21889620253164557
2012-06,0.12261030640668522,0.23570000000000002,0.11823333333333333,0.31959523809523815,0.14085185185185187,0.21260470588235295
2012-07,0.11864962779156328,0.30883333333333335,0.24620625000000002,0.35197469135802506,0.07449482758620692,0.1947134328358209
2012-08,0.018216549295774636,0.39225,0.19399666666666662,0.3129259803921571,0.3167350000000002,0.3599185185185184
2012-09,0.037638745387453904,0.27371999999999996,0.032461111111111114,0.32426617647058853,0.11533333333333336,0.18226320754716982
2012-10,0.03537864476386039,0.21276666666666666,-0.0677875,0.4640259842519687,0.17263663366336632,0.22678541666666666
2012-11,0.09687253086419755,0.38126666666666664,-0.2005,0.38653719008264475,0.27006507936507934,0.16629249999999995
2012-12,0.05946111111111111,0.29825,0.21157647058823528,0.36669591836734694,0.1862779999999999,0.26866233766233766
2012-13,0.08913228699551565,-0.12619375,0.2093846153846154,0.3133301587301587,0.20340697674418606,0.4021517045454546
2012-14,0.060268484848484905,0.3351833333333334,0.31245,0.32293673469387735,0.22995535714285711,0.2699216981132076
2012-15,0.08723443579766539,0.332175,0.17284999999999998,0.2856265060240962,0.302866,0.2937557093425601
2012-16,0.06757973568281929,0.4606,0.0,0.2731280821917808,0.17628111111111114,0.2804498426683456
2012-17,0.023524275362318846,0.23407999999999998,0.20095,0.33475096153846157,0.26484935064935067,0.30237019230769174
2012-18,0.042808275862068985,0.4431,0.0,0.305941176470588,0.12299514563106796,0.2741141025641025
2012-19,0.016001025641025634,0.292825,0.18777142857142856,0.24618454545454538,0.11866666666666667,0.3112558352402739
2012-20,0.00023096085409252324,0.5320999999999999,-0.013423529411764707,0.3290909090909089,0.17878780487804877,0.27168181818181797
2012-21,0.08685393258426971,0.21346428571428572,-0.024113333333333334,0.41219693251533773,0.17106615384615387,0.19313743455497354
2012-22,0.035437278106508874,0.0146625,0.1217,0.40853717948717927,0.1280746666666667,0.2376224299065421
2012-23,0.12321322751322752,0.23186666666666667,0.17902352941176472,0.25199615384615387,0.19024047619047618,0.26718536585365854
2012-24,0.09425015822784799,0.31123500000000004,0.0,0.31192870370370357,0.19196212121212122,0.1872947368421053
2012-25,0.10466520467836263,0.37466086956521744,0.05188571428571429,0.3228491228070178,0.18448787878787878,0.2965471698113206
2012-26,0.11059687500000001,0.24081000000000005,0.1621222222222222,0.28769007633587795,0.2289666666666667,0.3267726190476192
2012-27,0.14358832487309647,0.7922666666666668,0.035124999999999997,0.36181621621621607,0.2430915254237289,0.2500636363636362
2012-28,0.12054210526315791,0.1077,0.08401764705882353,0.3555858407079644,0.1637428571428571,0.30025428571428575
2012-29,0.184519730941704,0.010349999999999998,0.12040571428571428,0.35298682926829333,0.18369135802469136,0.24417090909090908
2012-30,0.11585867768595041,0.2984454545454546,0.13335625,0.3502146853146856,0.13825857142857143,0.36222256944444386
2012-31,0.17316305555555536,0.0306090909090909,0.06216842105263158,0.3832590909090909,0.08936629213483147,0.2702106382978721
2012-32,0.13539637305699476,0.2784714285714286,0.10201428571428572,0.34762976190476164,0.1703655172413792,0.25725833333333337
2012-33,0.15404166666666663,0.3986000000000001,-0.13062222222222225,0.2944686440677964,0.044866197183098595,0.25830833333333336
2012-34,0.10943535353535358,0.4071222222222223,0.4019,0.29161652892561984,0.2442438596491228,0.31259411764705886
2012-35,0.10158208409506402,0.09444999999999999,-0.02965,0.3410806818181817,0.13656,0.2491730158730159
2012-36,0.11827268722466962,0.40878876404494363,0.0742,0.30252352941176464,0.15260377358490568,0.29980625000000005
2012-37,0.15375620300751877,0.23947333333333332,0.1591,0.3542679999999998,0.2150748091603053,0.326679069767442
2012-38,0.1275985882352939,0.29960000000000003,0.3771,0.22750045871559643,0.3938586206896551,0.29460000000000003
2012-39,0.12234908536585339,0.5636099999999999,0.12744444444444444,0.34058399999999994,0.276839534883721,0.38805416666666676
2012-40,0.09657432646592701,0.39161666666666667,0.3110807692307692,0.35615000000000047,0.12227419354838712,0.347835294117647
2012-41,0.13356144067796602,0.00969999999999999,-0.09883076923076925,0.3110007299270075,0.27894431818181825,0.2644642857142857
2012-42,0.13008872679045094,0.07976666666666667,0.19080215053763416,0.3016936000000001,0.1561950617283951,0.2697342465753425
2012-43,0.16078190954773858,0.189425,0.12148823529411766,0.27031249999999996,0.21782159090909084,0.33355370370370363
2012-44,0.1318770065075921,0.4260999999999999,0.043914285714285725,0.2746970297029702,0.02030361445783133,0.3865463768115942
2012-45,0.15812094017094008,0.35735,0.10297777777777778,0.3035439999999999,0.19549999999999998,0.28875581395348837
2012-46,0.13464744094488162,0.3896454545454546,0.07294285714285716,0.29102960000000005,0.15409264705882353,0.2142706896551724
2012-47,0.14956747572815535,0.14499333333333336,0.229525,0.2876985401459855,0.17034857142857146,0.09358613861386138
2012-48,0.13571764044943804,0.4914,0.12196666666666668,0.3792698979591837,0.33585362318840584,0.24971666666666661
2012-49,0.1543871465295627,0.2387842105263158,0.16295833333333334,0.322946153846154,0.27401414634146326,0.22738732394366187
2012-50,0.148824427480916,0.10014285714285716,0.0,0.32520294117647097,0.218710576923077,0.13078715596330276
2012-51,0.15653497942386835,0.25570000000000004,-0.02519444444444444,0.3143705357142857,0.19262976190476183,0.2803871794871795
2012-52,0.11951775700934578,-0.2815875,0.0,0.3852399999999999,0.21898800000000002,0.12795238095238096
2012-53,0.24062173913043483,0.57555,0.08808,0.5407818181818183,0.1423,0.04064615384615385
2013-00,0.18449009584664544,0.295125,-0.045533333333333335,0.32623793103448273,0.1384512027491409,0.27455526315789475
2013-01,0.1250550279329609,0.38473913043478264,0.15417272727272732,0.38281864406779653,0.15831687500000005,0.29646129032258073
2013-02,0.11271169354838712,0.20326666666666662,0.12364333333333338,0.4059728000000003,0.22981012658227845,0.20981267605633805
2013-03,0.11256158730158729,0.21361999999999998,0.1496111111111111,0.3906471074380169,0.18118717948717952,0.22637297297297296
2013-04,0.10407834757834752,0.15868888888888888,0.1628166666666667,0.3199137681159424,0.15938444444444444,0.23575040000000005
2013-05,0.12276593806921665,0.2608833333333333,0.15429444444444443,0.26960781250000015,0.12206543209876539,0.30368787878787884
2013-06,0.16050308943089417,0.17071250000000002,0.0680392857142857,0.32583863636363675,0.10432642642642642,0.18798130841121485
2013-07,0.1392427745664738,0.23220000000000005,0.09294444444444444,0.3340675438596492,0.09622387096774203,0.06333608247422681
2013-08,0.07649308641975311,0.6448692307692308,0.20018207547169803,0.2533785714285714,0.22189910313901334,0.19618316831683166
2013-09,0.13666763358778639,0.9217,0.18199387755102037,0.35031833333333356,0.2467264,0.17630377358490573
2013-10,0.10473707865168536,0.4690181818181818,0.19488787878787875,0.3787159763313616,0.16488947368421053,0.3068987903225806
2013-11,0.11598984547461363,0.25226,0.10163888888888889,0.34434534883720974,0.1501566666666667,0.28601981981981967
2013-12,0.11300833333333334,0.25072083333333334,0.020630952380952382,0.27376530612244876,0.23937941176470587,0.21237499999999995
2013-13,0.11465555555555557,0.1020375,0.17940492957746487,0.34092272727272727,0.13816363636363638,0.15202767295597483
2013-14,0.1224288806431663,0.3709071428571429,0.12355000000000002,0.23011666666666647,0.1504474226804124,0.2321377192982456
2013-15,0.13430723514211884,0.46677333333333315,0.026582608695652172,0.26060106382978704,0.24354615384615377,0.2038442975206608
2013-16,0.12647602108036862,0.5047099999999998,0.06163125000000001,0.36268829787234036,0.1813097142857143,0.2707476094817213
2013-17,0.13457357512953363,0.41802799999999996,0.029252380952380946,0.31610720720720714,0.13789907407407415,0.268225
2013-18,0.10742103559870536,0.32182000000000005,0.1732393442622951,0.22790673076923065,0.15687695473251026,0.16648701298701302
2013-19,0.11546581196581195,0.3348506493506492,0.021073076923076917,0.27232374100719425,0.15511055555555556,0.2594618181818182
2013-20,0.1165924670433144,0.3183833333333333,0.1790005847953214,0.39815662650602396,0.10763067729083667,0.26419393939393937
2013-21,0.12663234421364977,0.33466615384615356,0.1523522222222222,0.36020144927536213,0.1757864197530864,0.23026666666666665
2013-22,0.13515311203319502,0.45814375,0.14296896551724142,0.2904824999999998,0.27632418300653594,0.09453170731707315
2013-23,0.12275672413793097,0.34666470588235293,0.16377258064516123,0.3225855670103093,0.235153448275862,0.013887999999999989
2013-24,0.11254523809523807,0.38697857142857145,0.11402777777777777,0.3254011904761904,0.24951739130434786,0.10630263157894745
2013-25,0.1630439446366782,0.3290222222222222,0.17793124999999999,0.1631806201550387,0.2996864285714284,0.21706446601941778
2013-26,0.222006474820144,0.351770588235294,0.15088271604938275,0.2013990909090908,0.20190937499999992,0.14815844155844154
2013-27,0.10021304347826084,0.03636,0.28235652173913034,0.3156545454545454,0.2248802139037433,0.2669311475409836
2013-28,0.12214625850340137,0.1102625,0.1378285714285714,0.26347142857142836,0.16054180327868847,0.2519709677419355
2013-29,0.13263636363636366,0.3447571428571429,0.19203333333333333,0.2810325301204819,0.19059509803921568,0.20705714285714288
2013-30,0.12304677419354841,-0.2134678571428572,0.1968682352941176,0.29109583333333316,0.14141801470588233,0.19200333333333336
2013-31,0.06152172131147543,0.42362112676056346,0.1581418478260868,0.30057999999999985,0.13325736842105265,0.08293650793650795
2013-32,0.08366397058823528,0.50159,0.16233529411764705,0.3050977777777776,0.1901555555555557,0.12641929824561407
2013-33,0.10843535911602212,0.39557040816326533,0.17281839080459774,0.29449027777777775,0.22891438848920873,0.16382000000000002
2013-34,-0.03588176100628931,0.3293888888888889,0.14996599999999996,0.334663725490196,0.17390760869565208,0.18307435897435897
2013-35,0.11806969696969698,0.32067142857142855,0.08637157894736841,0.30188833333333326,0.19141962616822433,0.6402230769230765
2013-36,0.11819523809523812,0.3538571428571429,0.1299985074626866,0.2613827067669172,0.17262818181818185,0.2746088709677418
2013-37,0.1971278606965174,0.34141684210526296,0.19436526315789468,0.32985483870967747,0.22957127659574467,0.1810906976744186
2013-38,0.20409126637554578,0.20771666666666674,0.127669,0.23993142857142855,0.19604639175257732,0.18917173913043484
2013-39,0.1789865517241378,0.5152634146341465,0.16798645833333337,0.26647906976744173,0.18401818181818166,0.15355384615384618
2013-40,0.19574429223744297,0.43278,0.10442840236686392,0.3372321739130435,0.2057806451612903,0.12543947368421052
2013-41,0.18533506493506496,0.6142444444444445,0.15556800000000004,0.34234152542372887,0.12251574468085105,0.307425
2013-42,0.1546826424870466,0.3994289156626505,0.02034878048780488,0.35844806201550383,0.13734358974358976,0.23189493670886063
2013-43,0.13845605234460176,0.3808116279069767,0.14963902439024387,0.3074735042735042,0.2119337883959042,0.24707111111111116
2013-44,0.1364370454545455,0.2591769230769231,0.2016118421052633,0.3404,0.13013832752613239,0.1879396226415094
2013-45,0.20293344827586204,0.29155000000000003,0.1229737142857143,0.31065000000000004,0.2239395480225988,0.24741794871794878
2013-46,0.18863072289156615,0.23623333333333335,0.2856433673469383,0.34000077519379857,0.16945917159763313,0.21740000000000004
2013-47,0.17212411347517728,0.7595615384615383,0.22981159420289923,0.32167301587301583,0.17292416666666663,0.2290228571428572
2013-48,0.15775034965034954,0.39026875000000005,0.16240513043478266,0.32603235294117655,0.15725798319327727,0.175710447761194
2013-49,0.09492730769230767,0.3152,0.15037922794117609,0.2231608108108107,0.2175875675675675,0.2542961538461539
2013-50,0.1932720930232557,0.3139,0.08301236559139782,0.3531672811059911,0.3072219101123596,0.0
2013-51,0.15395762711864408,0.37495,0.2139675324675324,0.3161678571428571,0.26784615384615384,0.04099257142857142
2013-52,0.23311090909090912,,0.2000593220338983,0.21074782608695655,0.23621636363636367,0.23534545454545464
2014-00,0.1893873684210526,0.2732,0.1381645539906102,0.21102800000000005,0.23939657534246567,0.2840238095238096
2014-01,0.10540364806866938,-0.2732,0.14290206433029304,0.37390697674418594,0.19461736842105268,0.1346197368421053
2014-02,0.15749105691056886,0.23786666666666667,0.1421989813242782,0.38577846153846146,0.22206808510638293,0.1968472222222222
2014-03,0.11610373831775703,0.3171142857142856,0.0922883064516129,0.3831627450980392,0.19221437908496733,0.20346835443037978
2014-04,0.11938421052631579,0.12390000000000001,0.11970074999999987,0.36866249999999995,0.19415535714285714,0.36054930232558163
2014-05,0.13488148148148155,0.4448166666666667,0.11281877256317693,0.30680235294117636,0.19157260273972607,0.12600635400907717
2014-06,0.11693983286908072,0.20117272727272725,0.1669103792415167,0.36837176470588223,0.238017117117117,0.23150434782608661
2014-07,0.1592598214285713,0.3142352941176471,0.12326436781609196,0.2975416666666664,0.22232112676056343,0.15051212121212124
2014-08,0.08538219298245596,0.41445,0.152477724550898,0.35480000000000034,0.2316868131868131,0.15919210526315788
2014-09,0.11009424920127783,0.18152000000000001,0.1560939247111441,0.40361931818181823,0.21452631578947357,0.2979617021276596
2014-10,0.1444874396135265,0.22759285714285715,0.12141203672787938,0.3331883720930231,0.2662954128440367,0.3621317073170733
2014-11,0.16294640926640944,0.26112727272727276,0.10550159939070834,0.32006517412935337,0.2554037037037037,0.16646455696202525
2014-12,0.131548,0.24327142857142858,0.12832866117000402,0.3654699115044248,0.16843516483516474,0.08010900473933646
2014-13,0.1602485294117646,0.1024,0.1305439428571432,0.2973964285714284,0.16495867768595035,0.1500826446280992
2014-14,0.14639585365853652,0.29986999999999997,0.10418270509977817,0.3652978723404255,0.23680180180180174,0.22487731958762885
2014-15,0.13334152046783623,0.4368000000000001,0.1525269819193322,0.32653306451612907,0.2157409836065573,0.1179390476190476
2014-16,0.129119801980198,-0.10174285714285716,0.11400585365853672,0.380639130434783,0.1845325976230901,0.3128079545454547
2014-17,0.18015210526315784,-0.0973142857142857,0.12337064017660046,0.3529992248062016,0.25486509090909076,0.2858539501039503
2014-18,0.1504183760683761,0.4775142857142857,0.11844005891016189,0.3357620689655174,0.41888295081967214,0.07437581395348837
2014-19,0.1214434615384615,0.18991250000000004,0.13482984375000043,0.31190265486725643,0.5252364661654141,0.23402692307692297
2014-20,0.20131511254019266,0.27165000000000006,0.18123010526315783,0.3123600000000001,0.5246072874493932,0.15696216216216197
2014-21,0.2299786290322579,0.44095,0.21853486842105302,0.31076982758620675,0.5061700000000006,0.2650116279069768
2014-22,0.15606579804560236,0.34888,0.18077448979591837,0.29912866242038216,0.3264358916478557,0.274495918367347
2014-23,0.15775250000000002,0.12903333333333333,0.13908240740740746,0.27329507042253526,0.389520947630923,0.36812500000000015
2014-24,0.14329676724137916,0.23899999999999996,0.14660189098998874,0.31523245614035084,0.32924488734835394,0.3631630769230767
2014-25,0.11848436363636361,-0.08516666666666668,0.11481860000000009,0.32217127659574457,0.28706939203354337,0.2024866666666667
2014-26,0.24662740384615386,0.2508125,0.1800929046563189,0.31612608695652167,0.45158513931888544,0.10187039473684206
2014-27,0.10880000000000004,0.3797111111111111,0.13858167938931304,0.25767961165048536,0.38177486033519586,0.2671017793594308
2014-28,0.10508812500000002,0.5393,0.15812217261904746,0.26140645161290316,0.5290375609756104,0.2542688172043009
2014-29,0.14162985074626872,0.4914,0.13201451204055784,0.30856451612903224,0.5253550675675681,0.2786176470588234
2014-30,0.13098115015974432,0.319275,0.16079949238578645,0.36106470588235284,0.15375280898876392,0.17951639344262302
2014-31,0.11790614285714292,0.2732,0.11380980926430506,0.34912758620689643,0.1703608,0.21948941176470585
2014-32,0.0598244827586207,0.0664,0.14447530737704897,0.25887183098591543,0.22876785714285716,0.11217080745341633
2014-33,0.07580212765957445,0.47520526315789485,0.09669171122994644,0.274136842105263,0.26913973799126667,0.27704396887159527
2014-34,0.11789665071770333,0.29749375,0.11924916864608075,0.3071593749999999,0.24845602409638554,0.2591190140845068
2014-35,0.21627886792452827,0.33572500000000005,0.11007758620689656,0.2460154761904761,0.2999068027210881,0.26487694915254195
2014-36,0.11879910714285714,0.4264375,0.13518559322033877,0.34560224719101124,0.34808407079646003,0.2781130952380951
2014-37,0.07844659090909085,0.28207499999999996,0.1054590909090909,0.2434825581395347,0.2079954887218045,0.27704105263157897
2014-38,0.10338666666666665,0.30110909090909094,0.1427295454545453,0.26968242424242417,0.16952108843537417,0.33825298507462653
2014-39,0.14205193133047214,0.30305000000000004,0.15656578947368424,0.18310672645739914,0.218144827586207,0.14119473684210523
2014-40,0.07667317880794698,0.22365000000000002,0.16258772802653404,0.3118291666666661,0.1962677018633539,0.2757918367346938
2014-41,0.10391042944785277,0.06192857142857144,0.1508544303797468,0.24250454545454547,0.19352182741116739,0.3040599999999999
2014-42,0.11662384615384619,0.27905555555555556,0.1622240740740739,0.2623723076923076,0.24810259740259735,0.38294188034188065
2014-43,0.05994329896907217,0.10870000000000002,0.1132219281663514,0.26900510204081624,0.1766795833333333,0.4083276315789465
2014-44,0.06571031746031744,0.0627111111111111,0.12767755681818188,0.26545726495726485,0.2081810975609756,0.22547499999999998
2014-45,0.0767002941176471,0.3497176470588236,0.058334755463059315,0.23589809523809524,0.14643734015345264,0.16810689655172412
2014-46,0.1560463215258853,0.49864444444444445,0.15385276381909546,0.28205099009901025,0.2222239690721647,0.12121741573033708
2014-47,0.14647148594377507,0.30634374999999997,0.27242096774193536,0.2037675213675213,0.2603841269841269,0.20349047619047622
2014-48,0.11806572769953061,0.409175,,0.19834999999999992,0.22587362637362643,0.18039148936170213
2014-49,0.13720590809628003,0.2658210526315789,,0.2719379084967322,0.23532679738562093,0.11523684210526317
2014-50,0.11125996131528033,0.4085956521739131,,0.2751726495726495,0.2543973282442749,0.15988800000000006
2014-51,0.08073391812865496,0.16785,0.0,0.24044833333333335,0.21811726618705035,0.2375981818181817
2014-52,0.11672800000000003,0.37035,0.2206954285714285,0.24180476190476186,0.19049078947368417,0.29392666666666667
2015-00,0.146335,0.6384883720930232,0.15139000000000002,0.30322,0.3501111111111111,0.2899857142857143
2015-01,0.13896345291479806,0.38918571428571436,0.17851029810298089,0.2584272727272727,0.20832524752475232,0.2297633663366337
2015-02,0.12815375722543346,0.22530000000000006,0.2529633744855967,0.2397696629213484,0.21829605263157884,0.14688295454545452
2015-03,0.11901646586345374,0.14539000000000005,0.26721040462427736,0.2602030303030303,0.25807851851851843,0.25262818181818186
2015-04,0.12621335616438353,0.23464000000000002,0.16455989583333303,0.2553986206896552,0.16814417177914107,0.12214888888888885
2015-05,0.15410239726027392,0.18304285714285712,0.29220728744939267,0.2285101449275363,0.24082473118279565,0.2423743749999999
2015-06,0.12678914185639234,0.36349090909090914,0.18290435280641476,0.3181406451612904,0.22933125000000015,0.12039137931034485
2015-07,0.12212275280898875,0.4193261904761903,0.2559602605863191,0.2101457627118645,0.19177124183006533,0.13280120481927712
2015-08,0.13075597189695554,0.32732000000000006,0.23675375000000004,0.2867503144654086,0.10775658105939002,0.22569756097560978
2015-09,0.10569497354497347,0.023308333333333393,0.16838053527980543,0.22752711864406777,0.23814432432432425,0.15532916666666663
2015-10,0.12727197802197787,0.40488750000000007,0.22837263843648212,0.24209211822660107,0.26004549180327863,0.2686524193548388
2015-11,0.12708472222222214,0.43136,0.10582070552147241,0.29024295774647885,0.24125792682926828,0.10200724233983284
2015-12,0.18722691131498467,0.4098875,0.2559299035369775,0.20025517241379306,0.2485872413793102,-0.0463675324675321
2015-13,0.1712198380566803,0.37777499999999997,0.18510919540229878,0.3043587412587415,0.46172823920265865,0.14841666666666656
2015-14,0.0933203438395416,0.36947142857142856,0.2045624338624334,0.2618815126050419,0.5484796536796508,0.16030000000000003
2015-15,0.08806470588235298,0.28052,0.13674784482758603,0.22031259259259248,0.14888963414634118,0.17966711864406804
2015-16,0.09598328981723243,0.20656999999999998,0.20674197952218415,0.2634719696969697,0.13448988095238107,0.257713333333333
2015-17,0.12460779896013843,0.36531333333333343,0.2137118811881188,0.282204424778761,0.25085243445692873,0.14912010309278345
2015-18,0.18303774509803916,0.09106666666666667,0.2450854901960785,0.2760630252100839,0.1337407035175879,0.1200145161290321
2015-19,0.22559257540603256,-0.16047999999999998,0.19789910179640707,0.2824245454545454,0.15070916334661355,0.06477695167286243
2015-20,0.26602646706586985,0.23732857142857142,0.26029817708333436,0.25526118421052635,0.13054933920704834,0.08086344086021506
2015-21,0.09095671052631564,0.2968545454545455,0.14644636015325666,0.2174775280898876,0.09028095238095238,0.08185405405405408
2015-22,0.10644505776636702,-0.35215,0.17360586538461578,0.341021794871795,0.11243368421052623,0.2686202325581396
2015-23,0.19000851063829788,0.57234,0.2593455045871563,0.3344903614457831,0.2057780487804879,0.16399831932773107
2015-24,0.18974364592462806,0.47126,0.18688734177215188,0.3234990825688075,0.2319633027522934,0.24527909836065567
2015-25,0.12175880923450798,0.3350666666666666,0.22025911047345756,0.275418674698795,0.27627215686274503,0.10969419354838723
2015-26,0.19206964809384153,0.29493500000000006,0.2610331114808657,0.16162840236686382,0.2969486033519553,0.18049304812834285
2015-27,0.187350853242321,0.328675,0.21422941729323328,0.01719155555555563,0.31506352941176474,0.07809714285714286
2015-28,0.2017189265536722,0.5918249999999999,0.25579819819819877,0.22657373271889397,0.25802776025236607,0.1652912676056337
2015-29,0.2335090206185569,0.41110833333333335,0.2051124423963138,0.3128049999999999,0.32908272251308907,0.1610097505668934
2015-30,0.17895894308943094,0.4517150000000001,0.17237078085642307,0.3081888059701493,0.15918311688311695,0.26653230088495566
2015-31,0.16764350364963504,0.4085476923076919,0.14607646551724154,0.2564026086956521,0.2251556910569104,0.11455329768270946
2015-32,0.1708560794044662,0.6135666666666667,0.15720694789081865,0.2829499999999999,0.22872694610778424,0.09653553113553115
2015-33,0.20934644808743158,0.3722114285714286,0.27268685714285756,0.3078893203883494,0.2790813333333336,0.20637012448132772
2015-34,0.1790652777777776,0.5504538461538462,0.14625040518638568,0.30930454545454533,0.23350937499999977,0.1894918128654971
2015-35,0.1276025751072961,0.4166705882352939,0.15327947598253266,0.24499481481481478,0.17016279069767445,0.16139999999999988
2015-36,0.1607427184466017,0.48675625000000006,0.13683474025974024,0.28480624999999987,0.21861653543307086,0.16508499999999993
2015-37,0.16895759999999976,0.5023846153846153,0.1378510855683268,0.1659614906832298,0.21905849056603766,0.2919403921568629
2015-38,0.16651625615763543,0.48840000000000006,0.15045049833887023,0.24730620155038752,0.20591408450704224,0.061037000000000105
2015-39,0.19036538461538446,0.36733750000000004,0.15437947598253268,0.24320687022900755,0.1542242152466367,0.29050664062499987
2015-40,0.1423646090534976,0.5287399999999999,0.14876789215686284,0.29822499999999996,0.321365909090909,0.2538308035714284
2015-41,0.18723941018766752,0.5616363636363636,0.20105687499999994,0.21516854838709668,0.2815456730769235,0.28777317073170794
2015-42,0.11719913793103452,0.5276272727272727,0.14439951298701303,0.24886015624999994,0.22555781249999995,0.18505074626865675
2015-43,0.1360612179487179,0.2659777777777778,0.2654776805251641,0.2546257352941176,0.20475657568238198,0.22418850174216035
2015-44,0.12610259433962254,0.35827272727272735,0.20241191709844533,0.30217831325301203,0.2627895604395603,0.14150089285714287
2015-45,0.11680944881889749,0.39809285714285714,0.09047704367301221,0.3105784615384613,0.19941503496503482,0.18991464019851106
2015-46,0.0840398550724637,0.31701052631578946,0.15267866419294962,0.18802064516129036,0.21559227799227784,0.16578915094339627
2015-47,0.12502951289398276,0.33066666666666666,0.16584670912951152,0.22318467741935483,0.2610475,0.13643409090909098
2015-48,0.12568392857142854,0.36048,0.19347164179104467,0.2638556451612903,0.2018561181434599,0.16798464912280703
2015-49,0.08423211678832114,0.3816769230769231,0.250455614973262,0.21938510638297876,0.2234999999999999,0.2015946327683612
2015-50,0.1491240740740738,-0.006890909090909094,0.1437645569620252,0.14304930555555548,0.2388969892473116,0.18468954344624455
2015-51,0.10905663580246908,0.3291904761904763,0.15319276139410176,0.18902295081967205,0.21535359477124189,0.08301695178849156
2015-52,0.11878333333333323,0.4466200000000001,0.14302314814814818,0.2006727272727273,0.18396145833333322,0.07692744479495264
2016-00,0.10664266666666668,,0.03142499999999999,0.47079999999999994,0.15428461538461538,0.12204461538461539
2016-01,0.1427736654804272,0.11266666666666664,0.17466497461928934,0.18193421052631584,0.13464959016393438,0.06258878787878783
2016-02,0.10994233261339094,0.20625714285714286,0.19550047846889948,0.2164007299270073,0.20011065573770487,0.16725306122449007
2016-03,0.1412700743494425,0.2773,0.15509073359073355,0.320680172413793,0.20354923076923068,0.16524192439862592
2016-04,0.14570382352941172,0.4756,0.17507698209718667,0.1698947976878612,0.34043391304347814,0.2383478873239434
2016-05,0.12288875968992251,0.29546666666666666,0.17270798611111102,0.2669902654867258,0.22425251798561147,0.22115882352941188
2016-06,0.15977804878048768,0.41727222222222227,0.19195418719211813,0.2537820512820512,0.23687575757575752,0.057260794044665
2016-07,0.1227818181818181,0.14062000000000002,0.16543701298701285,0.2669640350877193,0.14656898954703834,0.1050824634655534
2016-08,0.13551284322409193,0.36604583333333335,0.16171042183622827,0.2198843902439025,0.23172327868852446,0.11996766595289073
2016-09,0.1778357630979499,0.321755,0.15343584415584402,0.15361871345029238,0.24008728323699413,0.19536191406249967
2016-10,0.2168412969283277,0.3807611111111111,0.14106162361623634,0.2283963636363636,0.23081119402985073,0.15313431603773572
2016-11,0.18974676616915415,0.34582307692307696,0.19146964285714277,0.02543320463320468,0.22467999999999996,0.10945512104283038
2016-12,0.16879268292682925,0.28254594594594595,0.18997601809954737,0.21247368421052626,0.2095720930232556,0.08253649289099536
2016-13,0.22217866666666672,0.23466800000000007,0.17716989898989888,0.3164574712643678,0.2926702247191007,0.12942008032128516
2016-14,0.09780787878787883,0.2564571428571429,0.24528829787234008,0.10438897058823528,0.2336219178082192,0.05942555110220435
2016-15,0.1575391592920352,0.19671428571428576,0.17066920152091247,0.325195041322314,0.21977560975609764,0.12509812500000023
2016-16,0.14646646706586824,0.3521875,0.16480691056910565,0.31156153846153845,0.19395368852459008,0.15864540014958894
2016-17,0.0741228235294118,0.2028125,0.17494688796680485,0.27905110132158584,0.2546202898550723,0.0873374753451676
2016-18,0.11277252747252747,0.2815285714285714,0.14233513513513507,0.20146028368794322,0.1444814545454545,0.14952312811980004
2016-19,0.14152741935483873,0.4880555555555557,0.07077239263803682,0.23988029197080307,0.19755330188679238,0.1560233997155056
2016-20,0.15413185840707969,0.2919,0.15475171339563862,0.28238571428571385,0.19645987654320984,0.07648064516129031
2016-21,0.15184375000000003,0.2553,0.12665486381322957,0.2860306358381502,0.14757773851590106,0.07070079129574673
2016-22,0.09436140350877194,0.32639000000000007,0.11815841584158411,0.26976500000000003,0.22002692307692262,-0.003700431034482732
2016-23,0.1120812499999999,0.2996166666666667,0.12187135678391957,0.3035455445544555,0.2286356828193833,0.13924066767830043
2016-24,0.2087221476510067,0.4099933333333334,0.1281281355932203,0.14450707482993233,0.1797032258064516,0.12249241379310337
2016-25,0.19339808917197449,0.20552777777777778,0.06285992366412216,0.1845361363636365,0.22475771144278614,0.0960574861367836
2016-26,0.1841524999999999,0.5010625,0.09450644329896904,0.21031328124999998,0.2678161943319834,0.10745432780847138
2016-27,0.0816615730337079,0.43741666666666673,0.1619748792270532,0.2514081818181818,0.2129709923664122,0.06613003597122302
2016-28,0.14826172839506163,0.3435125000000001,0.12166308411214942,0.21868588235294115,0.23452207792207777,0.1269885462555069
2016-29,0.22406991150442476,0.23959000000000005,0.135096505376344,0.22932527472527464,0.24550594594594594,0.14441008610086137
2016-30,0.1782309352517986,0.24934000000000003,0.1067482758620689,0.23774264705882342,0.23591155555555535,0.11359501915708808
2016-31,0.11914587869362353,0.50204,0.09034373464373463,0.25680000000000014,0.14663481012658228,0.15925238764044924
2016-32,0.1141399345335515,0.2940238095238096,0.08949506578947372,0.22071733333333332,0.032671146245059283,0.11341452991453008
2016-33,0.12912508591065291,0.2823875,0.07268651960784317,0.21640999999999996,0.13094517543859657,0.15780775280898895
2016-34,0.19511705069124433,0.35155576923076914,0.1368102112676056,0.29799837398373974,0.1671918750000001,0.1658572972972976
2016-35,0.201858163265306,0.26815714285714287,0.07709007633587787,0.25966306306306297,0.19879214285714275,0.12168574181117542
2016-36,0.21064186046511624,0.26675263157894746,0.11511547619047618,0.1988276315789473,0.23410298507462676,0.09606557377049191
2016-37,0.14576785714285725,0.4402555555555556,0.12908319559228645,0.26869618320610666,0.1348337301587301,0.15066666666666695
2016-38,0.1793161825726142,0.27808125,0.15309832775919716,0.19482164179104483,0.18995949367088602,0.17762804347826108
2016-39,0.16791187050359704,0.16970833333333332,0.17730959595959594,0.21489883720930222,0.23804297872340413,0.1692410852713183
2016-40,0.1538358565737052,0.33641818181818184,0.13723874999999996,0.30631530612244906,0.23191741071428562,0.18221851851851856
2016-41,0.17939552238805964,0.23782549019607827,0.19776447876447878,0.3229655999999999,0.2409169811320755,0.22346489859594462
2016-42,0.1995622699386504,0.3679052631578948,0.17925936395759687,0.22742151898734164,0.20572615384615375,0.18445983772819458
2016-43,0.17703157894736843,0.39653043478260874,0.14765212121212126,0.26838170731707306,0.22345680000000004,0.11375239130434825
2016-44,0.1427453736654801,0.12304999999999994,0.10345723270440249,0.17281904761904762,0.16901659192825097,0.22118914549653632
2016-45,0.18882079646017697,0.29130000000000006,0.09671443850267375,0.3016474025974026,0.09288215223097111,0.1654312849162014
2016-46,0.12334507042253488,0.4432222222222223,0.1250736070381232,0.29048016528925624,0.15501291139240486,0.2237633946830271
2016-47,0.1524755555555555,0.1842,0.1073364532019704,0.24407717391304343,0.16760841121495323,0.23745636363636421
2016-48,0.19363359374999997,0.27453333333333335,0.028830635838150296,0.2496652777777778,0.17791826923076925,0.2391516516516523
2016-49,0.15243936651583706,0.33392,0.11745261194029859,0.28698773584905635,0.10126416666666672,0.27251791907514494
2016-50,0.14756818181818185,0.15626,0.12697326732673272,0.28191181818181826,0.20005300546448077,0.1484398625429551
2016-51,0.1531760330578512,0.24230000000000004,0.0967261838440112,0.30143076923076917,0.12203915662650601,0.23553494623655913
2016-52,0.14028435754189955,0.24065555555555557,0.12546138613861385,0.3084297297297297,0.2156723076923078,0.19275
2017-01,0.2066078651685393,0.256709090909091,0.15661780303030304,0.23079404761904762,0.16440685714285713,0.27359062499999987
2017-02,0.15869107806691451,0.30560476190476193,0.09425191256830599,0.2863161016949152,0.1656400881057269,0.19439575070821535
2017-03,0.12030909090909095,0.24229545454545456,0.10423696682464459,0.2503587719298245,0.1531625899280575,0.2042781456953641
2017-04,0.1098320855614973,0.08726666666666666,0.09016639784946238,0.22134431818181816,0.20084117647058816,0.15573418367346933
2017-05,0.18294999999999997,0.05372222222222223,0.1146781333333333,0.22337777777777781,0.14607935483870968,0.10147499999999987
2017-06,0.15701864406779664,0.12963333333333335,0.12340127970749527,0.12314882812499994,0.14177729729729727,0.14976012658227844
2017-07,0.15307558528428092,0.3097200000000001,0.10383642857142852,0.30165483870967724,0.10798473451327423,0.08900606060606059
2017-08,0.1419230149597234,0.2323866666666667,0.11493283208020046,0.2644197247706422,0.18442884615384586,0.18515523809523804
2017-09,0.20463392857142834,0.1249666666666667,0.10659838187702268,0.23179489361702113,0.1855185039370078,0.1854871508379888
2017-10,0.19656757812499978,0.28292000000000006,0.07101485714285716,0.24252014388489207,0.1628277511961722,0.18207374301675974
2017-11,0.17433686868686865,0.28065833333333334,0.10993561643835627,0.30279670658682567,0.15571443298969065,0.13921173020527872
2017-12,0.06622274678111588,0.4149875,0.1094851132686085,0.3167470085470086,0.1081241245136187,0.16125938864628814
2017-13,0.07834761904761904,0.3194333333333333,0.11858223684210528,0.2775661157024793,0.22026972972972966,0.1324824675324675
2017-14,0.1513441595441591,0.40271999999999997,0.18105850991114142,0.2461647975077879,0.20608620689655158,-0.02892129277566545
2017-15,0.16093891891891896,0.3927772727272728,0.1362735135135132,0.3352754098360653,0.1679751152073732,0.18759072164948462
2017-16,0.19837049180327873,0.5089166666666667,0.13865214814814802,0.3513072289156628,0.14430744680851063,0.2114623015873015
2017-17,0.1402915662650603,0.13749999999999998,0.1427555984555983,0.2664479041916168,0.24778260869565202,0.19167225042301173
2017-18,0.15167255520504722,0.37068750000000006,0.11683315649867375,0.265705464480874,0.19184946808510647,0.08726195028680703
2017-19,0.17767791666666657,0.33619523809523816,0.07686399132321042,0.26950995024875624,0.19204426751592343,0.13854497041420116
2017-20,0.15400481283422457,0.37363333333333326,0.08635107526881727,0.30388918918918917,0.214593984962406,0.2315472392638033
2017-21,0.16314964285714292,0.3302333333333334,0.13519397590361448,0.2606237288135593,0.17260116279069745,0.003651440922190182
2017-22,0.11318217821782181,0.36079999999999995,0.13822364864864867,0.28589942857142825,0.13936651785714288,0.0755185365853659
2017-23,0.1228864864864864,0.19452857142857144,0.0849144542772862,0.31513142857142823,0.2716569444444443,0.1135990706319702
2017-24,0.15332276422764218,0.2703857142857143,0.15295980861244038,0.32282518518518527,0.18386534090909085,0.19112447552447526
2017-25,0.129329,0.39525454545454547,0.1617603674540683,0.23615135135135118,0.15359836065573756,0.1332345588235293
2017-26,0.17196068965517242,0.12106666666666667,0.14912367688022288,0.23633874345549719,0.2437039999999999,0.13891280788177335
2017-27,0.15894536082474225,0.5599071428571428,0.10915506072874497,0.27568015873015866,0.1817636904761905,0.22251986301369855
2017-28,0.16394279835390932,0.33030000000000004,0.1489253561253562,0.1989884210526315,0.1655503012048191,0.1270656108597282
2017-29,0.1253102719033233,0.19281666666666666,0.13267479541734856,0.13478179012345665,0.147265982404692,0.27472286821705444
2017-30,0.1424837887067397,0.4284666666666667,0.13042643923240935,0.13419180327868846,0.22747071129707108,0.15087327586206906
2017-31,0.16033039215686265,0.5503636363636364,0.11423396226415104,0.27258392857142855,0.1277691056910569,0.21372000000000002
2017-32,0.20550134228187916,0.21955000000000002,0.12234401041666665,0.17853153153153148,0.1730180851063829,0.13990722222222196
2017-33,0.18915846153846147,0.24845625000000002,0.14834269662921354,0.10119931506849315,0.16628557213930353,0.13281791907514454
2017-34,0.14098522727272728,0.28882307692307696,0.16634545454545446,0.1657481012658228,0.1336621301775148,0.15904154302670598
2017-35,0.137689268292683,0.1651125,0.13730454545454548,0.22138235294117636,0.19578547486033515,0.18251482649842263
2017-36,0.1718833333333333,0.2550153846153846,0.29824765100671097,0.20186105769230758,0.1712048245614035,0.14687133757961784
2017-37,0.1776420485175202,0.30793461538461536,0.11897852760736201,0.26573090909090913,0.20497154471544704,0.09186516853932579
2017-38,0.10983320235756378,0.5273266666666665,0.14279965457685667,0.21750138248847928,0.12561580756013746,0.08500520231213868
2017-39,0.13479740740740745,0.14088461538461539,0.19458692810457517,0.30572823529411736,0.17845841121495332,0.13631085271317803
2017-40,0.1974331460674158,0.2656285714285715,0.17052719665271956,0.2859405882352937,0.1586620253164557,0.10403032258064514
2017-41,0.20349400000000015,0.3386692307692308,0.21051490384615376,0.30145836065573767,0.1746712418300654,0.12348100358422937
2017-42,0.1325080291970802,0.21571250000000006,0.1451841379310344,0.1436241206030151,0.11492592592592596,0.22251676829268294
2017-43,0.1314363166953527,0.2774083333333333,0.17507630057803472,0.2832438356164381,0.17076141304347833,0.18161507352941172
2017-44,0.1710612826603325,0.43998,0.12403247863247865,0.1479608823529412,0.20529444444444428,0.15892189054726377
2017-45,0.16716573033707868,-0.1909,0.14824628712871288,0.02727745454545469,0.21498866666666666,0.1918189024390244
2017-46,0.19742471910112383,0.33915,0.12217872340425524,0.31594722222222194,0.23766071428571453,0.20517046413502074
2017-47,0.133712,0.37735,0.2090747368421053,0.3056496815286624,0.23693955223880603,0.16458896551724114
2017-48,0.18478204081632632,0.33386799999999994,0.1780248962655602,0.23810801393728223,0.27358395061728374,0.1661033088235293
2017-49,0.21075892053973005,0.2982,0.1422465346534654,0.1707763496143958,0.257495045045045,0.24947684210526275
2017-50,0.18921454005934701,0.3742500000000001,0.17934444444444445,0.3589482142857143,0.21662299999999987,0.31784016172506696
2017-51,0.17121020408163262,0.3122499999999999,0.15084565217391302,0.2694425641025639,0.23376293706293702,0.1665978448275862
2017-52,0.2115301886792452,0.2610833333333334,0.27152745098039216,0.2401827160493827,0.18127647058823523,0.12335524193548392
2017-53,0.1952368421052632,0.30965,0.1858,0.34648571428571434,0.1775714285714286,0.11699183673469389
2018-00,0.19030769230769237,0.20576153846153852,0.306868888888889,0.23629458128078826,0.33263608247422677,0.16671350210970465
2018-01,0.1950433333333334,0.2635476190476191,0.1477146666666667,0.2522454873646208,0.18632688679245274,0.13719640718562848
2018-02,0.2637769736842105,0.2263181818181817,0.20431976744186042,0.313102766798419,0.27852357723577237,0.22692056962025295
2018-03,0.18108329764453956,0.2918769230769231,0.08677931034482758,0.28303405994550407,0.16711759999999992,0.170070257611241
2018-04,0.24848232044198887,0.407386956521739,0.11235185185185186,0.29918205128205133,0.2661056,0.15850396341463394
2018-05,0.21942121212121193,0.4508944444444445,0.16995573122529645,0.2914380664652567,0.2508352459016393,0.14465859374999984
2018-06,0.25204096916299557,0.4340625,0.1887746575342466,0.21965512528473785,0.19331472392638027,0.18011027777777752
2018-07,0.1596675675675675,0.28538636363636366,0.1726439024390243,0.2864098814229248,0.3401338983050847,0.17342900552486154
2018-08,0.1670027027027026,0.30808888888888886,0.22139155844155847,0.28078207792207766,0.2529521739130433,0.1067152647975079
2018-09,0.25374545454545444,0.43743,0.17684451219512193,0.2874572115384615,0.30962402597402583,0.1637399999999997
2018-10,0.23162745901639323,0.22698571428571435,0.25720502512562815,0.36703938223938176,0.2682619718309859,0.1653916961130741
2018-11,0.22154833333333335,0.373445,0.14459404761904757,0.31745886524822664,0.23111363636363633,0.17751205533596853
2018-12,0.2215198581560283,0.4652625,0.17931117318435758,0.3103199999999999,0.25835177304964546,0.19703372921615173
2018-13,0.24629932432432428,0.4215357142857143,0.24589184782608675,0.34317344398340277,0.22963481481481476,0.18870636182902562
2018-14,0.22966992481203,0.46401200000000004,0.267209649122807,0.3038804216867471,0.27619072847682113,0.21629571428571456
2018-15,0.18321948424068774,0.25595,0.1547985294117647,0.3332367292225199,0.20568599508599514,0.2183428857715431
2018-16,0.1585625641025639,0.44301875,0.14674196428571432,0.2839145336225596,0.20054238095238092,0.20404790257104177
2018-17,0.15367037037037048,0.3826666666666667,0.10462547770700635,0.3189380090497736,0.22461743119266064,0.1420876623376621
2018-18,0.1464868644067797,0.5631894736842104,0.10341448863636359,0.40100973451327365,0.16947416666666668,0.17357639836289251
2018-19,0.2769364640883979,0.3177105263157895,0.14835454545454554,0.2983886718749998,0.30879452054794515,0.21877337278106507
2018-20,0.2551817307692307,0.30789999999999995,0.0941694835680751,0.24498190184049098,0.24168416666666662,0.19152125603864728
2018-21,0.24063513513513515,0.5263588235294118,0.04874000000000002,0.3039366812227071,0.2740875,0.1344503937007872
2018-22,0.1346515449438201,0.30153571428571435,0.17036666666666667,0.38920266666666625,0.16272857142857142,0.1684816279069768
2018-23,0.1783174556213017,0.3919393939393939,0.14098612716763,0.3349,0.20020465116279063,0.1950280777537796
2018-24,0.21122734693877535,,0.13953052631578947,0.42062896825396806,0.18170227272727266,0.1845286458333331
2018-25,0.18090999999999985,,0.12727631578947365,0.25550645161290314,0.3048949999999998,0.30162469512195145
2018-26,0.2916189781021897,,0.19041242937853117,0.294114563106796,0.2647929687499999,0.23394942196531787
2018-27,0.22887357142857137,,0.0401829694323144,0.3029951020408163,0.27308037383177575,0.2050319865319864
2018-28,0.20162272727272731,,0.09534425287356321,0.3005212765957446,0.285496590909091,0.22432779456193375
2018-29,0.15312173913043464,,0.06824830508474575,0.3060753943217662,0.2918240384615385,0.19259423076923063
2018-30,0.19334999999999997,,0.12223947368421045,0.3532070754716982,0.13104020100502511,0.16139414414414407
2018-31,0.1927888888888888,,0.0920991631799163,0.3022194444444444,0.24604941176470593,0.15878219178082237
2018-32,0.14435333333333333,0.4756,0.2107365517241379,0.38187006578947336,0.2023555555555555,0.3538796296296296
2018-33,0.18362293577981653,0.2875258064516129,0.08488340248962654,0.36222054794520525,0.11133716814159292,0.24544101123595496
2018-34,0.23766410256410256,0.48193076923076933,0.08878041237113403,0.40073133047210346,0.2128131147540983,0.15271195652173916
2018-35,0.21195238095238098,0.40660999999999997,0.07295900000000001,0.3792869109947643,0.2917471428571429,0.22322595419847324
2018-36,0.20772564102564103,0.3140083333333334,0.10509869281045746,0.3959425120772944,0.23822307692307695,0.27847216828478927
2018-37,0.2553776785714285,0.22929729729729725,0.1095883116883117,0.33445085470085456,0.1806516891891888,0.34030805687203786
2018-38,0.23032926829268302,0.3514103448275863,0.1325790697674419,0.3747539106145251,0.25056638655462177,0.2925458536585365
2018-39,0.3485157894736842,0.3339000000000001,0.22861404958677695,0.38686776556776514,0.23951275167785233,0.24189559999999985
2018-40,0.19485,0.20272727272727273,0.18581570247933876,0.39402361809045217,0.2025965811965812,0.2594981884057969
2018-41,0.1960942028985507,0.3256304347826088,0.13390882352941175,0.3181523255813955,0.17096774193548392,0.2896510903426788
2018-42,0.18928118081180814,0.2249117647058824,0.17905479452054793,0.3680391634980982,0.2862757142857142,0.2887438596491229
2018-43,0.17862272727272724,0.28355,0.09983877551020408,0.32562709923664074,0.1944061643835617,-0.020184108527131386
2018-44,0.25908000000000003,0.3794161290322579,0.07344451219512196,0.38778946135831366,0.27738631578947365,0.22730276923076903
2018-45,0.259008064516129,0.44340454545454544,0.13954639175257733,0.3957987551867218,0.32550746268656716,0.2889860902255639
2018-46,0.2606808510638298,0.45679473684210525,0.13298378378378378,0.4057657303370781,0.3267765957446809,0.2987687499999999
2018-47,0.25230260869565224,0.3991735294117647,0.14276831683168317,0.40928673469387744,0.22187891891891892,0.2709056701030925
2018-48,0.1925715976331361,0.314338775510204,0.12412948717948719,0.4140857142857142,0.1796339622641509,0.22472904411764702
2018-49,0.11877130044843051,0.48198399999999997,0.14453229166666667,0.3103715719063545,0.2724630769230769,0.3356004255319147
2018-50,0.2390571428571428,0.2978789473684211,0.1487704918032786,0.43217005347593573,0.2617540983606557,0.09576332179930794
2018-51,0.19617555555555558,0.19266470588235296,0.12410788381742739,0.15894239130434776,0.3883354838709678,0.23448333333333338
2018-52,0.06221666666666666,0.24089999999999998,0.145305,0.28081304347826086,0.21520769230769232,
2019-00,0.22021307692307704,0.2994428571428572,0.17480288461538468,0.3943240963855423,0.33511666666666673,0.14112727272727274
2019-01,0.13625199999999996,0.24360625000000002,0.13073302752293575,0.39515542168674694,0.22936792452830185,0.29988758620689626
2019-02,0.2717971014492753,0.32197272727272735,0.20051709401709386,0.2876428899082569,0.23976608695652168,0.26764596273291924
2019-03,0.14850113636363632,0.3426851063829787,0.16564395604395596,0.3329532894736844,0.1863781512605042,0.2061961111111112
2019-04,0.21392371134020613,0.31860857142857135,0.15635957446808504,0.3510039145907471,0.29015822784810136,0.1776094262295081
2019-05,0.11749275362318842,0.40585999999999983,0.0897372093023256,0.3469858131487887,0.22140677966101685,0.3200711999999999
2019-06,0.15579291338582674,0.257232258064516,0.1534768,0.3855458498023717,0.18374278846153833,0.19577997032640934
2019-07,0.16292971014492758,0.505142857142857,0.19859705882352946,0.4115039130434781,0.31238804347826077,0.18143133903133907
2019-08,0.158998275862069,0.4623138888888889,0.16235565217391298,0.3810141732283462,0.22572328767123281,0.21534249201277963
2019-09,0.28989313725490196,0.31797368421052624,0.14670447761194033,0.4298634999999999,0.37917412935323397,0.22415683453237395
2019-10,0.24887681159420294,0.42876666666666674,0.13906567164179093,0.4156737113402059,0.2912216783216783,0.20018388888888883
2019-11,0.19827033898305085,0.18458947368421053,0.1607927710843372,0.4100105726872244,0.2994,0.18331627118644056
2019-12,0.12793840579710145,0.35283928571428574,0.1654823529411764,0.37995499999999977,0.26633862433862443,0.30937088122605366
2019-13,0.20954356435643573,0.32493809523809525,0.19992164179104482,0.36890275229357794,0.28414695652173916,0.21951007957559665
2019-14,0.22647434210526307,0.2895233333333334,0.16277299270072992,0.35200787037037046,0.22326422018348616,0.2646638461538461
2019-15,0.2580788235294117,0.24097777777777782,0.13869836065573773,0.20133801169590648,0.3047351351351352,0.30908077858880756
2019-16,0.20718955223880595,0.4286083333333333,0.1384265060240964,0.274442914979757,0.26068787878787886,0.23225942028985508
2019-17,0.15970239234449754,0.47830740740740746,0.15345223880597014,0.3620680497925311,0.2468728155339804,0.22986611295681084
2019-18,0.18130197368421047,0.31024324324324326,0.08708045112781954,0.32752549575070805,0.20868214285714284,0.22755331632653045
2019-19,0.19549878048780484,0.4588892857142857,0.29252137404580136,0.4058310344827587,0.1805310218978101,0.278915458937198
2019-20,0.27963333333333323,0.46215999999999996,0.5049512658227843,0.3291435797665368,0.337841818181818,0.18996419753086405
2019-21,0.3367208333333332,0.32555,0.16427524752475248,0.3637037735849055,0.20343999999999998,0.2879963235294118
2019-22,0.16208425925925926,0.34291333333333335,0.2037231884057972,0.41497718446601944,0.3300702127659573,0.33559711538461506
2019-23,0.1788470588235294,0.2712542857142857,0.23345147058823526,0.3752815573770491,0.2792699999999999,0.2271618374558303
2019-24,0.2894816091954022,0.4586166666666667,0.15022465753424652,0.2335560271646862,0.22044085106382968,0.2429459161147902
2019-25,0.22687472527472524,0.4778408163265307,0.1488237410071942,0.3427165094339622,0.23782051282051264,0.2781874551971328
2019-26,0.23663194444444452,0.5547857142857142,0.19594302325581403,0.34474890965732086,0.25644848484848476,0.2561
2019-27,0.22055999999999995,0.4382617647058823,0.19565353535353527,0.3545015094339628,0.3181255639097743,0.3226863636363634
2019-28,0.2124404761904762,0.38119629629629626,0.15282608695652175,0.33381915887850555,0.1987492063492063,0.33713595744680785
2019-29,0.26483125,0.6048689655172412,0.1862978723404255,0.28359581749049406,0.20853397435897422,0.2852197324414716
2019-30,0.15761471698113205,0.4174516129032257,0.1935625,0.31552584269662937,0.2139971486761709,0.2632321839080457
2019-31,0.172390909090909,0.35211666666666663,0.028453225806451612,0.29390642201834954,0.21655204081632648,0.1842078167115902
2019-32,0.12789333333333333,0.19449999999999998,0.22885643564356428,0.37949441860465133,0.3150845070422534,0.2331488095238094
2019-33,0.26099411764705877,0.4323052631578946,0.22759870129870127,0.2782858921161827,0.3488695121951219,0.21334619289340093
2019-34,0.2801516129032258,0.3172382978723404,0.2537344827586207,0.27591906976744207,0.22547777777777772,0.17098546365914782
2019-35,0.212311320754717,0.28926065573770493,0.15597000000000005,0.41253988439306366,0.20231797752808983,0.08689503999999988
2019-36,0.2647870370370371,0.39724761904761907,0.22261173469387757,0.3130016901408448,0.27616230769230765,0.0989688969258589
2019-37,0.23730573770491803,,0.21091519756838886,0.29676183206106854,0.23721473354231956,0.11064689655172402
2019-38,0.2419027472527471,0.2845714285714286,0.23602777777777773,0.22207050691244248,0.20915081081081077,0.09524357638888883
2019-39,0.27856583333333335,0.4366192307692307,0.21468383838383848,0.3143170305676858,0.21745251798561152,0.17380725274725278
2019-40,0.1799656626506024,0.422,0.2011146853146854,0.3769770408163269,0.20413915662650586,0.13185273833671382
2019-41,0.19649125000000003,0.19963333333333333,0.15291794871794873,0.417173255813954,0.22511011235955056,0.14425705882352938
2019-42,0.1239905109489051,0.16874666666666666,0.07381013513513512,0.37109658119658084,0.2572095238095238,0.1376573369565217
2019-43,0.17888597560975608,0.47762800000000005,0.09724695652173912,0.3541627306273063,0.17765888888888878,0.1349979166666666
2019-44,0.29589102564102565,0.48744999999999983,0.10737857142857142,0.32189425837320573,0.3121084745762711,0.10948288288288285
2019-45,0.23817121212121206,0.35601333333333335,0.15908769574944073,0.41231027397260317,0.21414155844155833,0.12826186915887836
2019-46,0.3048586206896553,0.3268157894736842,0.15531336633663362,0.38851928104575134,0.22710318725099585,0.13782152230971126
2019-47,0.1452457142857143,0.3801055555555556,0.17086464646464633,0.304985257985258,0.2063166666666667,0.06173501683501682
2019-48,0.13285151515151516,0.09298999999999999,0.12905529411764702,0.3341964664310953,0.22686746031746036,0.12680321543408354
2019-49,0.22076749999999992,-0.06258076923076922,0.1719742331288344,0.3482641975308643,0.25375,0.20210776699029137
2019-50,0.18537083333333337,0.2723434782608695,0.18120392156862752,0.3067426229508196,0.15406756756756756,0.1094953757225434
2019-51,0.1449898734177215,0.28359999999999996,0.10880476190476192,0.33221826923076897,0.225571875,0.07028302583025828
2019-52,0.19786060606060613,0.21661666666666668,0.10132121212121212,0.4460560975609756,0.19155581395348834,0.07494684684684685
2020-00,0.2510811320754717,0.3633857142857143,0.25913291139240513,0.26896078431372544,0.26699047619047617,0.09506497175141244
2020-01,0.1411115942028986,0.12625384615384616,0.20261568998109641,0.29157380410022804,0.23785128205128195,0.10539970674486797
2020-02,0.11044784313725495,0.17661212121212122,0.17952620087336232,0.1581170731707317,0.25910991735537187,0.12678333333333325
2020-03,0.19120520833333332,0.377595,0.18929311740890675,0.3478322784810129,0.24356734693877558,0.21682101694915232
2020-04,0.21626499999999999,0.3721666666666667,0.16124207650273212,0.2893005586592181,0.22629829059829065,0.2544569965870307
2020-05,0.17400927835051538,0.1917941176470588,0.19386187499999996,0.0855130769230773,0.1940146666666667,0.25558409893992934
2020-06,0.20535263157894734,0.32351111111111114,0.23087256097560965,0.2949803827751195,0.17997091346153837,0.2191348432055748
2020-07,0.10539733059548247,0.31698461538461536,0.16561468381564834,0.3233370106761567,0.2477038759689921,0.2191597269624571
2020-08,0.10942589641434275,0.3299447368421053,0.17292291666666657,0.394066857142857,0.1937,0.248770760233918
2020-09,,0.6155894736842105,0.1058986143187066,0.33804545454545465,0.21108190476190472,0.1837283185840708
2020-10,,0.3876514285714286,0.08769617224880381,0.2844987261146498,0.19748636363636363,0.21229149999999997
2020-11,,0.3476,0.13922403100775194,0.428504245283019,0.2347529411764706,0.4412359999999999
2020-12,,0.34527619047619046,0.1708084615384615,0.3780468926553673,0.12210161290322584,0.15627225130890046
2020-13,0.19397682926829263,0.3088266666666667,0.22594190476190484,0.3406439024390242,0.20746410256410253,0.23796125654450256
2020-14,0.12929122807017548,0.4229583333333333,0.13355172413793104,0.36717714285714276,0.1979351351351351,0.09172489270386269
2020-15,0.18947411764705877,0.5589333333333334,0.1873356481481481,0.27443611111111116,0.23283734939759035,0.22561507936507946
2020-16,0.22862499999999994,0.4716933333333334,0.20663537414965985,0.31156106194690253,0.20049906542056067,0.2082694835680751
2020-17,0.24647888888888891,0.3110041666666667,0.20129553072625703,0.44529529914529964,0.2645022222222222,0.22653628318584068
2020-18,0.13278928571428575,0.34218846153846155,0.17436813559322017,0.2856803846153849,0.1797747524752475,0.16088211678832104
2020-19,0.2268845528455283,0.5945363636363635,0.11198577405857747,0.38629726027397265,0.19132885906040262,0.22249774774774753
2020-20,0.221178,0.42013684210526314,0.12619599999999992,0.2862292775665402,0.2821204081632654,0.16839459459459447
2020-21,0.2532212121212121,0.11705454545454544,0.1788568862275449,0.29728114406779693,0.2361108433734939,0.21249104477611938
2020-22,0.26984117647058825,0.3029,0.17020629370629373,0.3279303418803421,0.3081387755102041,0.18180056179775286
2020-23,0.2139357142857142,0.2957642857142857,0.2408056133056136,0.4440282700421945,0.321107575757576,0.18607279999999995
2020-24,0.29430761904761893,0.440275,0.17081274900398397,0.3232097791798107,0.2318243902439023,0.19902158273381285
2020-25,0.19201775700934573,0.3739375000000001,0.2023039359573048,0.3885874635568512,0.29095433070866134,0.34350312500000046
2020-26,0.18874927536231884,0.2000689655172414,0.2059541319181201,0.4437753363228706,0.3206912087912088,0.28455955882352935
2020-27,0.21295654761904764,0.11258240740740726,0.2252002590673583,0.3517394594594599,0.2416995633187772,0.22827434127979848
2020-28,0.17949959999999993,0.2967263157894737,0.19767759856630823,0.3785503086419753,0.24106098901098885,0.18808382581648508
2020-29,0.17253227513227512,0.31055,0.13830882352941176,0.42833747072599543,0.16722866242038217,0.18621390134529145
2020-30,0.19924554455445537,0.286152380952381,0.1342410404624276,0.30985067750677514,0.2096919117647058,0.21749775561097268
2020-31,0.23325794183445162,0.13302,0.18901058823529432,0.44363012552301234,0.245749259259259,0.2046498924731181
2020-32,0.26218746177370017,-0.042938888888888874,0.1977289070480084,0.37423073929961115,0.2755427777777777,0.19459642184557424
2020-33,0.2046449438202247,0.4258030303030303,0.32717263397947505,0.33849508547008583,0.2988803347280331,0.263493306288032
2020-34,0.20266242236024837,0.47883888888888887,0.29970751789976174,0.31457206349206374,0.26254857954545413,0.20334221748400821
2020-35,0.19534201183431948,0.30799333333333334,0.1938866817155758,0.41079851190476174,0.2205448087431693,0.21027214137214126
2020-36,0.24954736842105257,0.3185133333333333,0.24238098159509178,0.3117664576802508,0.264035403726708,0.23007445652173922
2020-37,0.22036431095406353,0.2478888888888889,0.2827627949183302,0.34543794326241123,0.22776236559139776,0.258465359477124
2020-38,0.24741272727272717,0.2246571428571429,0.2971661631419946,0.3847619791666668,0.35030576923076934,0.23254189189189195
2020-39,0.2720930232558139,0.328923076923077,0.2895101522842638,0.38315366614664637,0.25016795180722884,0.18836230661040765
2020-40,0.23149330254041564,0.3743944444444444,0.2668454432477217,0.38940781563126264,0.23638338461538466,0.2017121428571426
2020-41,0.19752432432432412,0.14916666666666673,0.3428774193548396,0.4270683856502245,0.22611741935483848,0.16385743902439034
2020-42,0.16774032634032654,0.39334,0.3777401759530797,0.4234640371229703,0.22031024258760062,0.1763438741721854
2020-43,0.18277967711301063,0.2410205128205128,0.18959894894894883,0.4484590361445787,0.2000126712328765,0.2139546874999998
2020-44,0.25212909482758583,0.3050926470588236,0.2300730909090915,0.33120894568690074,0.26413018018017986,0.2285731977818851
2020-45,0.24138388157894716,0.22796249999999998,0.21334548720251487,0.30785112781954893,0.39516519174041304,0.22634210526315776
2020-46,0.23165125786163507,0.5193136363636364,0.1941144278606967,0.4776253263707571,0.2627188854489163,0.22089900596421458
2020-47,0.25865552407932,0.3185,0.2062373924553275,0.44734270557029193,0.311417182130584,0.22863174946004294
2020-48,0.21737436823104683,0.38458000000000003,0.2152436936936938,0.2825181198910085,0.28888984962405995,0.23205575620767474
2020-49,0.25237636363636334,0.3759970588235295,0.19562012756910005,0.41224433962264184,0.3526721518987339,0.2629051792828684
2020-50,0.33864341252699803,0.346852,0.22123515118790518,0.39874027303754256,0.3134845622119809,0.24169559082892422
2020-51,0.2739900709219856,0.1671,0.23582249240121594,0.35950000000000026,0.36984301994301944,0.2569512110726641
2020-52,0.29677164179104465,0.30276153846153847,0.21760966542750948,0.36193431952662725,0.3061582644628095,0.288751410658307
2021-00,0.22907333333333338,0.2587375,0.25772727272727264,0.24181190476190478,0.1827027777777778,0.2349325
2021-01,0.16282507886435318,0.20943448275862073,0.19487590878302147,0.3243492537313435,0.2455062868369349,0.2284548317046684
2021-02,0.13634419889502764,0.35135797101449273,0.19271010770505476,0.19101371610845286,0.23691733021077274,0.16690057803468225
2021-03,0.2010453608247422,0.2923,0.21084540833615742,0.38642133526850575,0.2317408333333333,0.23103580246913616
2021-04,0.22654793577981633,0.3695516129032259,0.1955281104801235,0.3535401050788096,0.21779758771929822,0.21604730538922148
2021-05,0.20504940828402357,0.32638749999999994,0.22869119258322762,0.2914891601562498,0.17137265446224237,0.23073963068181838
2021-06,0.25186385542168643,0.25973500000000005,0.24369443671766328,0.32591031746031796,0.22193307453416142,0.23001035653650231
2021-07,0.23995749128919852,0.3609717948717949,0.18316570067487103,0.34362448330683654,0.16375852459016377,0.20994613970588244
2021-08,0.11192885771543074,0.2532132352941176,0.15492217438105538,0.35395684575389985,0.23867376033057847,0.2454642737896493
2021-09,0.2490656779661016,0.43511249999999996,0.19505225058004647,0.3992964038727525,0.26056928838951293,0.18685542452830178
2021-10,0.2358408602150535,0.26560512820512816,0.15042677912493393,0.4237022371364659,0.22525738396624462,0.18568146788990816
2021-11,0.21095762711864408,0.2988777777777778,0.11607162521130145,0.38230079575596815,0.16313461538461546,0.16800481586402272
2021-12,0.20836386554621844,0.46780810810810813,0.20797188405797115,0.41211962457338025,0.22486055363321775,0.19240193452380938
2021-13,0.2118495049504949,0.12210400000000002,0.19214352773826474,0.36234,0.28543658536585365,0.241469151670951
