Date,daily_tweets,neg_sentiment,pos_sentiment,compound_sentiment,closing_price
2015-08-05,536,1125,1125,1125,10.77
2015-08-06,361,1154,1154,1154,8.77
2015-08-07,125,562,562,562,10.14
2015-08-10,63,182,182,182,10.12
2015-08-11,56,199,199,199,9.79
2015-08-12,38,215,215,215,10.35
2015-08-13,27,239,239,239,10.12
2015-08-14,42,224,224,224,10.04
2015-08-17,43,198,198,198,10.13
2015-08-18,50,196,196,196,10.24
2015-08-19,42,339,339,339,10.73
2015-08-20,44,193,193,193,10.52
2015-08-21,23,152,152,152,9.9
2015-08-24,22,142,142,142,9.16
2015-08-25,27,255,255,255,9.9
2015-08-26,26,330,330,330,10.78
2015-08-27,37,217,217,217,11.0
2015-08-28,30,298,298,298,11.62
2015-08-31,94,261,261,261,11.88
2015-09-01,37,210,210,210,11.86
2015-09-02,25,136,136,136,11.59
2015-09-03,37,144,144,144,11.64
2015-09-04,42,164,164,164,11.56
2015-09-08,59,204,204,204,11.55
2015-09-09,38,255,255,255,11.39
2015-09-10,82,268,268,268,11.69
2015-09-11,49,222,222,222,11.5
2015-09-14,65,234,234,234,11.25
2015-09-15,59,235,235,235,11.49
2015-09-16,27,189,189,189,11.31
2015-09-17,39,340,340,340,11.4
2015-09-18,29,453,453,453,11.58
2015-09-21,63,428,428,428,11.74
2015-09-22,57,265,265,265,11.39
2015-09-23,87,291,291,291,11.01
2015-09-24,21,265,265,265,10.81
2015-09-25,31,272,272,272,11.13
2015-09-28,20,188,188,188,10.06
2015-09-29,50,225,225,225,9.81
2015-09-30,58,209,209,209,10.37
2015-10-01,33,186,186,186,10.3
2015-10-02,58,320,320,320,10.51
2015-10-05,45,276,276,276,10.66
2015-10-06,14,179,179,179,11.05
2015-10-07,36,387,387,387,11.19
2015-10-08,41,458,458,458,11.39
2015-10-09,43,390,390,390,11.26
2015-10-12,21,317,317,317,10.78
2015-10-13,67,190,190,190,10.69
2015-10-14,81,334,334,334,10.74
2015-10-15,27,277,277,277,10.6
2015-10-16,37,239,239,239,10.34
2015-10-19,18,236,236,236,9.81
2015-10-20,43,240,240,240,9.5
2015-10-21,48,249,249,249,8.94
2015-10-22,35,181,181,181,8.9
2015-10-23,39,168,168,168,9.08
2015-10-26,33,179,179,179,9.21
2015-10-27,77,277,277,277,9.04
2015-10-28,44,319,319,319,9.42
2015-10-29,63,432,432,432,8.91
2015-10-30,43,473,473,473,7.41
2015-11-02,38,287,287,287,7.36
2015-11-03,47,431,431,431,7.52
2015-11-04,48,276,276,276,7.71
2015-11-05,61,276,276,276,8.07
2015-11-06,11,253,253,253,7.82
2015-11-09,42,356,356,356,7.73
2015-11-10,34,359,359,359,7.27
2015-11-11,93,412,412,412,6.99
2015-11-12,56,333,333,333,6.58
2015-11-13,96,433,433,433,7.31
2015-11-17,36,296,296,296,6.72
2015-11-18,43,272,272,272,6.55
2015-11-19,65,305,305,305,6.5
2015-11-20,42,199,199,199,6.67
2015-11-23,41,241,241,241,6.6
2015-11-24,96,257,257,257,6.74
2015-11-25,85,340,340,340,6.75
2015-11-27,22,171,171,171,7.22
2015-11-30,28,250,250,250,6.65
2015-12-01,20,225,225,225,7.05
2015-12-02,31,259,259,259,7.39
2015-12-03,60,317,317,317,7.95
2015-12-04,58,226,226,226,7.85
2015-12-07,34,208,208,208,7.91
2015-12-08,30,187,187,187,7.77
2015-12-09,46,257,257,257,7.71
2015-12-10,38,428,428,428,7.57
2015-12-11,142,336,336,336,7.86
2015-12-14,80,288,288,288,9.1
2015-12-15,94,328,328,328,9.49
2015-12-16,129,746,746,746,11.63
2015-12-17,160,632,632,632,12.71
2015-12-18,127,441,441,441,13.74
2015-12-21,225,527,527,527,13.4
2015-12-22,99,384,384,384,11.6
2015-12-23,196,394,394,394,11.88
2015-12-24,47,202,202,202,12.19
2015-12-28,84,241,241,241,11.67
2015-12-29,111,275,275,275,11.7
2015-12-30,69,238,238,238,11.72
2015-12-31,26,187,187,187,11.77
2016-01-04,46,269,269,269,11.21
2016-01-05,87,625,625,625,9.61
2016-01-06,58,261,261,261,10.2
2016-01-07,213,340,340,340,9.21
2016-01-08,186,315,315,315,9.75
2016-01-11,138,227,227,227,9.31
2016-01-12,116,284,284,284,8.67
2016-01-13,67,213,213,213,8.25
2016-01-14,50,273,273,273,8.0
2016-01-15,208,383,383,383,7.75
2016-01-19,58,243,243,243,7.4
2016-01-20,125,387,387,387,8.54
2016-01-21,262,519,519,519,8.97
2016-01-22,163,344,344,344,8.79
2016-01-25,48,148,148,148,8.41
2016-01-26,52,209,209,209,8.73
2016-01-27,36,187,187,187,8.34
2016-01-28,90,316,316,316,10.05
2016-01-29,194,462,462,462,9.52
2016-02-01,96,238,238,238,8.94
2016-02-02,73,171,171,171,8.34
2016-02-03,230,334,334,334,8.1
2016-02-04,81,239,239,239,8.05
2016-02-05,91,216,216,216,7.96
2016-02-08,2,51,51,51,7.6
2016-02-09,298,417,417,417,7.2
2016-02-10,78,299,299,299,6.07
2016-02-11,197,322,322,322,5.08
2016-02-12,179,298,298,298,5.04
2016-02-16,34,219,219,219,4.96
2016-02-17,50,260,260,260,5.33
2016-02-18,46,265,265,265,5.63
2016-02-19,306,505,505,505,5.41
2016-02-22,53,300,300,300,5.06
2016-02-23,84,524,524,524,5.16
2016-02-24,82,679,679,679,5.06
2016-02-25,72,390,390,390,5.3
2016-02-26,127,400,400,400,5.51
2016-02-29,75,319,319,319,5.62
2016-03-01,46,278,278,278,5.47
2016-03-02,116,281,281,281,6.1
2016-03-03,59,267,267,267,6.4
2016-03-04,168,364,364,364,6.21
2016-03-07,35,171,171,171,6.6
2016-03-08,133,266,266,266,6.68
2016-03-09,90,248,248,248,6.65
2016-03-10,123,475,475,475,7.15
2016-03-11,424,583,583,583,6.355
2016-03-14,96,274,274,274,6.36
2016-03-15,56,182,182,182,6.31
2016-03-16,29,202,202,202,6.63
2016-03-17,67,182,182,182,6.895
2016-03-18,247,442,442,442,6.69
2016-03-21,131,264,264,264,6.72
2016-03-22,155,293,293,293,6.57
2016-03-23,65,250,250,250,6.36
2016-03-24,88,304,304,304,6.24
2016-03-28,14,113,113,113,6.47
2016-03-30,138,381,381,381,6.47
2016-03-31,30,201,201,201,6.48
2016-04-01,37,198,198,198,6.44
2016-04-04,16,170,170,170,6.3
2016-04-05,87,294,294,294,6.57
2016-04-06,169,356,356,356,6.965
2016-04-07,509,643,643,643,6.78
2016-04-08,166,330,330,330,6.75
2016-04-11,8,189,189,189,6.74
2016-04-12,110,322,322,322,6.74
2016-04-13,266,435,435,435,6.87
2016-04-14,91,238,238,238,7.15
2016-04-15,167,317,317,317,7.04
2016-04-18,125,234,234,234,7.09
2016-04-19,219,328,328,328,7.02
2016-04-20,189,346,346,346,7.27
2016-04-21,278,416,416,416,7.76
2016-04-22,119,311,311,311,7.91
2016-04-25,78,218,218,218,7.6
2016-04-26,108,256,256,256,7.7
2016-04-27,54,360,360,360,8.39
2016-04-28,141,368,368,368,8.02
2016-04-29,91,259,259,259,7.88
2016-05-02,121,231,231,231,7.97
2016-05-03,38,208,208,208,7.59
2016-05-04,21,173,173,173,7.47
2016-05-05,223,381,381,381,7.27
2016-05-06,97,184,184,184,7.5
2016-05-09,52,189,189,189,7.39
2016-05-10,301,540,540,540,6.37
2016-05-11,49,245,245,245,6.37
2016-05-12,351,478,478,478,6.15
2016-05-13,560,649,649,649,6.61
2016-05-16,31,184,184,184,6.35
2016-05-18,4,147,147,147,6.04
2016-05-19,306,455,455,455,6.08
2016-05-20,125,281,281,281,6.11
2016-05-23,138,311,311,311,6.35
2016-05-24,300,470,470,470,6.34
2016-05-25,215,420,420,420,6.29
2016-05-26,209,301,301,301,6.36
2016-05-27,132,245,245,245,6.41
2016-05-31,76,210,210,210,6.34
2016-06-01,63,159,159,159,6.24
2016-06-02,44,226,226,226,6.31
2016-06-03,18,162,162,162,6.07
2016-06-06,39,204,204,204,6.44
2016-06-07,265,415,415,415,6.43
2016-06-08,80,275,275,275,6.52
2016-06-09,108,262,262,262,6.43
2016-06-10,53,171,171,171,6.3
2016-06-13,33,198,198,198,6.06
2016-06-14,67,236,236,236,5.91
2016-06-15,64,297,297,297,6.01
2016-06-16,93,231,231,231,6.03
2016-06-17,139,632,632,632,6.02
2016-06-20,55,331,331,331,6.18
2016-06-21,147,334,334,334,6.23
2016-06-22,86,273,273,273,5.9
2016-06-23,82,215,215,215,5.89
2016-06-24,89,232,232,232,5.59
2016-06-27,38,191,191,191,5.22
2016-06-28,107,319,319,319,5.49
2016-06-29,104,279,279,279,5.65
2016-06-30,160,313,313,313,5.93
2016-07-01,105,229,229,229,5.44
2016-07-05,63,222,222,222,5.14
2016-07-06,23,166,166,166,5.1
2016-07-07,73,394,394,394,5.14
2016-07-08,252,417,417,417,5.08
2016-07-11,144,239,239,239,5.09
2016-07-12,102,286,286,286,5.25
2016-07-13,196,300,300,300,5.12
2016-07-14,71,191,191,191,5.13
2016-07-15,96,162,162,162,5.07
2016-07-18,70,188,188,188,5.21
2016-07-19,342,572,572,572,5.15
2016-07-20,170,296,296,296,5.27
2016-07-21,71,209,209,209,5.12
2016-07-22,67,157,157,157,5.13
2016-07-25,27,150,150,150,5.08
2016-07-26,129,303,303,303,5.08
2016-07-27,43,180,180,180,5.26
2016-07-28,14,139,139,139,5.11
2016-07-29,22,156,156,156,5.18
2016-08-01,288,425,425,425,5.07
2016-08-02,96,212,212,212,5.0
2016-08-03,46,329,329,329,4.94
2016-08-04,60,530,530,530,4.96
2016-08-05,156,329,329,329,5.19
2016-08-08,108,256,256,256,5.56
2016-08-09,133,483,483,483,5.5
2016-08-10,144,755,755,755,5.22
2016-08-11,82,398,398,398,5.41
2016-08-12,349,558,558,558,6.23
2016-08-15,152,304,304,304,6.21
2016-08-16,197,362,362,362,6.09
2016-08-17,99,282,282,282,5.95
2016-08-18,155,371,371,371,6.03
2016-08-19,143,364,364,364,5.98
2016-08-22,76,221,221,221,6.0
2016-08-23,163,367,367,367,6.1
2016-08-24,122,287,287,287,5.99
2016-08-25,46,161,161,161,6.0
2016-08-26,109,229,229,229,5.95
2016-08-29,15,117,117,117,6.0
2016-08-30,105,256,256,256,6.01
2016-08-31,106,297,297,297,6.08
2016-09-01,101,238,238,238,6.06
2016-09-02,65,204,204,204,6.12
2016-09-06,66,189,189,189,6.22
2016-09-07,378,498,498,498,6.11
2016-09-08,84,266,266,266,6.19
2016-09-09,107,254,254,254,6.06
2016-09-12,51,154,154,154,6.1
2016-09-13,131,341,341,341,5.66
2016-09-14,108,341,341,341,5.54
2016-09-15,164,382,382,382,5.52
2016-09-16,193,350,350,350,5.38
2016-09-19,57,212,212,212,5.42
2016-09-20,100,331,331,331,5.45
2016-09-21,56,214,214,214,5.57
2016-09-22,83,219,219,219,5.75
2016-09-23,66,266,266,266,5.92
2016-09-26,52,174,174,174,6.03
2016-09-27,110,345,345,345,6.16
2016-09-28,37,248,248,248,6.23
2016-09-29,125,316,316,316,6.24
2016-09-30,128,246,246,246,6.3
2016-10-03,36,138,138,138,6.17
2016-10-04,131,268,268,268,5.91
2016-10-05,129,250,250,250,6.26
2016-10-06,39,230,230,230,6.12
2016-10-07,182,372,372,372,6.49
2016-10-10,215,342,342,342,6.91
2016-10-11,75,209,209,209,7.02
2016-10-12,59,204,204,204,6.81
2016-10-13,72,203,203,203,6.54
2016-10-14,125,230,230,230,6.38
2016-10-17,87,207,207,207,6.42
2016-10-18,169,294,294,294,6.53
2016-10-19,41,267,267,267,6.65
2016-10-20,29,187,187,187,6.67
2016-10-21,61,168,168,168,6.27
2016-10-24,79,175,175,175,6.08
2016-10-25,42,176,176,176,5.98
2016-10-26,471,638,638,638,5.53
2016-10-27,159,276,276,276,5.37
2016-10-28,88,168,168,168,5.18
2016-10-31,103,213,213,213,5.21
2016-11-01,65,173,173,173,4.86
2016-11-02,28,252,252,252,4.63
2016-11-03,68,432,432,432,4.65
2016-11-04,67,297,297,297,4.71
2016-11-07,89,358,358,358,4.92
2016-11-08,63,208,208,208,4.99
2016-11-09,87,336,336,336,4.79
2016-11-10,115,293,293,293,4.71
2016-11-11,118,284,284,284,5.11
2016-11-14,117,358,358,358,4.98
2016-11-15,74,254,254,254,4.91
2016-11-16,101,406,406,406,4.85
2016-11-17,47,549,549,549,4.8
2016-11-18,95,305,305,305,4.98
2016-11-21,41,204,204,204,4.82
2016-11-22,53,186,186,186,5.05
2016-11-23,36,156,156,156,5.28
2016-11-25,36,136,136,136,5.34
2016-11-28,43,104,104,104,5.38
2016-11-29,37,127,127,127,4.99
2016-11-30,116,198,198,198,5.1
2016-12-01,36,133,133,133,5.0
2016-12-02,50,197,197,197,5.09
2016-12-05,42,165,165,165,5.32
2016-12-06,51,204,204,204,5.46
2016-12-07,63,352,352,352,5.58
2016-12-08,82,277,277,277,5.65
2016-12-09,26,143,143,143,5.85
2016-12-12,35,156,156,156,5.65
2016-12-13,12,107,107,107,5.37
2016-12-14,84,213,213,213,5.24
2016-12-15,101,194,194,194,5.32
2016-12-16,36,152,152,152,5.59
2016-12-19,27,161,161,161,5.8
2016-12-20,38,147,147,147,5.55
2016-12-21,49,231,231,231,5.53
2016-12-22,29,135,135,135,5.44
2016-12-23,18,154,154,154,5.23
2016-12-27,11,147,147,147,5.61
2016-12-28,9,87,87,87,5.44
2016-12-29,8,198,198,198,5.33
2016-12-30,8,119,119,119,5.31
2017-01-05,1,144,144,144,5.81
2017-01-06,38,126,126,126,5.8
2017-01-09,35,124,124,124,5.67
2017-01-10,107,224,224,224,6.0
2017-01-11,108,284,284,284,6.4
2017-01-12,78,243,243,243,6.17
2017-01-18,47,182,182,182,6.1
2017-01-19,37,148,148,148,5.81
2017-01-20,43,142,142,142,5.88
2017-01-23,47,146,146,146,5.59
2017-01-24,21,206,206,206,5.65
2017-01-25,15,151,151,151,5.75
2017-01-26,30,155,155,155,5.7
2017-01-27,29,156,156,156,5.55
2017-01-30,26,194,194,194,5.25
2017-01-31,40,165,165,165,5.29
2017-02-01,28,129,129,129,5.57
2017-02-02,48,210,210,210,5.51
2017-02-03,58,206,206,206,5.66
2017-02-06,6,236,236,236,5.57
2017-02-07,24,162,162,162,5.59
2017-02-08,20,210,210,210,5.74
2017-02-09,33,220,220,220,5.73
2017-02-10,53,377,377,377,5.99
2017-02-13,28,230,230,230,6.06
2017-02-14,16,171,171,171,6.04
2017-02-15,38,226,226,226,6.17
2017-02-16,23,372,372,372,6.04
2017-02-17,20,291,291,291,5.96
2017-02-21,23,475,475,475,6.02
2017-02-22,17,579,579,579,5.83
2017-02-23,18,394,394,394,5.91
2017-02-24,12,315,315,315,5.85
2017-02-27,20,187,187,187,5.92
2017-02-28,21,209,209,209,5.69
2017-03-01,43,230,230,230,5.62
2017-03-02,44,229,229,229,5.48
2017-03-03,28,194,194,194,5.41
2017-03-06,23,142,142,142,5.25
2017-03-07,26,221,221,221,5.27
2017-03-08,84,214,214,214,5.24
2017-03-09,97,294,294,294,5.24
2017-03-10,57,206,206,206,5.06
2017-03-13,52,239,239,239,4.96
2017-03-14,44,315,315,315,4.89
2017-03-15,26,162,162,162,5.0
2017-03-16,91,236,236,236,5.1
2017-03-17,81,199,199,199,4.95
2017-03-20,18,205,205,205,4.9
2017-03-21,36,193,193,193,4.8
2017-03-22,84,231,231,231,4.98
2017-03-23,41,194,194,194,4.84
2017-03-24,28,212,212,212,4.91
2017-03-27,12,156,156,156,4.94
2017-03-28,25,178,178,178,5.08
2017-03-29,94,237,237,237,5.26
2017-03-30,95,268,268,268,5.22
2017-03-31,53,199,199,199,5.4
2017-04-03,79,249,249,249,5.28
2017-04-04,64,295,295,295,5.22
2017-04-05,40,1015,1015,1015,5.03
2017-04-06,33,630,630,630,5.18
2017-04-07,31,263,263,263,5.34
2017-04-10,22,523,523,523,5.54
2017-04-11,35,417,417,417,5.46
2017-04-12,52,368,368,368,5.33
2017-04-13,34,209,209,209,5.23
2017-04-17,26,249,249,249,5.3
2017-04-18,42,257,257,257,5.19
2017-04-19,43,222,222,222,5.16
2017-04-20,42,183,183,183,5.12
2017-04-21,42,226,226,226,5.12
2017-04-24,138,330,330,330,5.27
2017-04-25,70,322,322,322,5.42
2017-04-26,48,312,312,312,5.32
2017-04-27,32,233,233,233,5.33
2017-04-28,41,157,157,157,5.29
2017-05-01,62,224,224,224,5.38
2017-05-02,36,349,349,349,5.21
2017-05-03,180,536,536,536,4.75
2017-05-04,132,386,386,386,4.71
2017-05-05,57,230,230,230,4.86
2017-05-08,38,182,182,182,4.92
2017-05-09,57,466,466,466,4.9
2017-05-10,68,349,349,349,5.09
2017-05-11,65,225,225,225,5.0
2017-05-12,59,204,204,204,4.87
2017-05-15,22,151,151,151,4.905
2017-05-16,23,111,111,111,4.9
2017-05-17,67,248,248,248,4.81
2017-05-18,87,295,295,295,4.9
2017-05-19,77,229,229,229,5.05
2017-05-22,204,325,325,325,4.9
2017-05-23,93,281,281,281,4.89
2017-05-24,80,307,307,307,4.92
2017-05-25,131,291,291,291,4.91
2017-05-26,107,232,232,232,4.94
2017-05-30,71,270,270,270,5.02
2017-05-31,51,195,195,195,5.04
2017-06-01,80,208,208,208,5.13
2017-06-02,88,222,222,222,5.12
2017-06-05,129,256,256,256,5.0
2017-06-06,179,319,319,319,5.02
2017-06-07,82,280,280,280,4.93
2017-06-08,53,274,274,274,5.34
2017-06-09,51,206,206,206,5.41
2017-06-12,49,179,179,179,5.44
2017-06-13,52,198,198,198,5.48
2017-06-14,26,117,117,117,5.49
2017-06-15,36,172,172,172,5.52
2017-06-16,80,306,306,306,5.74
2017-06-19,96,284,284,284,5.85
2017-06-20,119,284,284,284,6.36
2017-06-21,63,229,229,229,6.52
2017-06-22,88,412,412,412,6.65
2017-06-23,92,335,335,335,6.75
2017-06-26,64,234,234,234,6.83
2017-06-27,40,229,229,229,6.89
2017-06-28,64,301,301,301,7.1
2017-06-29,70,199,199,199,7.27
2017-06-30,96,262,262,262,7.12
2017-07-03,33,134,134,134,7.24
2017-07-05,26,191,191,191,6.8
2017-07-06,23,276,276,276,6.75
2017-07-07,21,156,156,156,6.79
2017-07-10,49,207,207,207,6.89
2017-07-11,30,187,187,187,6.87
2017-07-12,36,298,298,298,7.06
2017-07-13,54,292,292,292,6.99
2017-07-14,24,213,213,213,7.07
2017-07-17,48,200,200,200,7.01
2017-07-18,30,298,298,298,7.14
2017-07-19,72,413,413,413,7.27
2017-07-20,53,225,225,225,7.25
2017-07-21,31,529,529,529,7.29
2017-07-24,71,325,325,325,7.56
2017-07-25,31,215,215,215,7.35
2017-07-26,27,212,212,212,7.3
2017-07-27,52,364,364,364,7.37
2017-07-28,25,410,410,410,7.48
2017-07-31,27,232,232,232,7.53
2017-08-01,15,231,231,231,7.44
2017-08-02,24,286,286,286,7.19
2017-08-03,29,209,209,209,7.24
2017-08-04,19,133,133,133,7.27
2017-08-07,87,277,277,277,7.42
2017-08-08,105,372,372,372,7.05
2017-08-09,50,219,219,219,6.84
2017-08-10,51,165,165,165,6.69
2017-08-11,24,126,126,126,6.82
2017-08-14,26,160,160,160,6.96
2017-08-15,28,163,163,163,6.94
2017-08-16,24,132,132,132,6.84
2017-08-17,29,120,120,120,6.65
2017-08-18,25,117,117,117,6.85
2017-08-21,98,219,219,219,6.7
2017-08-22,30,161,161,161,6.71
2017-08-23,50,134,134,134,6.94
2017-08-24,250,337,337,337,7.59
2017-08-25,193,282,282,282,6.91
2017-08-28,48,120,120,120,6.93
2017-08-29,49,168,168,168,6.83
2017-08-30,103,222,222,222,6.78
2017-08-31,33,112,112,112,6.7
2017-09-01,24,121,121,121,6.77
2017-09-05,21,197,197,197,6.92
2017-09-06,30,167,167,167,7.07
2017-09-07,29,107,107,107,7.15
2017-09-08,27,179,179,179,7.04
2017-09-11,49,186,186,186,6.92
2017-09-12,82,218,218,218,6.94
2017-09-13,35,323,323,323,6.83
2017-09-14,36,233,233,233,6.86
2017-09-15,28,309,309,309,6.72
2017-09-18,12,273,273,273,6.44
2017-09-19,16,297,297,297,6.05
2017-09-20,31,478,478,478,6.02
2017-09-21,45,379,379,379,5.47
2017-09-22,40,432,432,432,5.59
2017-09-25,34,208,208,208,5.19
2017-09-26,19,279,279,279,5.4
2017-09-27,20,255,255,255,5.63
2017-09-28,57,179,179,179,5.53
2017-09-29,46,205,205,205,5.55
2017-10-02,23,159,159,159,5.53
2017-10-03,33,231,231,231,5.65
2017-10-04,26,203,203,203,5.63
2017-10-05,22,171,171,171,5.54
2017-10-06,29,202,202,202,5.58
2017-10-09,38,222,222,222,5.43
2017-10-10,29,168,168,168,5.45
2017-10-11,23,203,203,203,5.47
2017-10-12,56,203,203,203,5.39
2017-10-13,90,216,216,216,5.52
2017-10-16,44,136,136,136,5.49
2017-10-17,34,142,142,142,5.54
2017-10-18,34,137,137,137,5.54
2017-10-19,66,151,151,151,5.46
2017-10-20,59,194,194,194,5.57
2017-10-23,51,169,169,169,5.37
2017-10-24,68,192,192,192,5.44
2017-10-25,29,179,179,179,5.42
2017-10-26,51,328,328,328,5.44
2017-10-27,36,438,438,438,5.62
2017-10-30,23,215,215,215,5.72
2017-10-31,30,428,428,428,5.74
2017-11-01,37,256,256,256,5.74
2017-11-02,29,282,282,282,5.69
2017-11-03,29,145,145,145,5.65
2017-11-06,41,382,382,382,6.13
2017-11-07,54,307,307,307,5.86
2017-11-08,77,345,345,345,5.89
2017-11-09,166,317,317,317,6.24
2017-11-10,80,233,233,233,5.83
2017-11-13,32,173,173,173,6.07
2017-11-14,83,246,246,246,6.17
2017-11-15,95,212,212,212,6.08
2017-11-16,138,316,316,316,6.04
2017-11-17,45,141,141,141,6.05
2017-11-20,70,167,167,167,6.02
2017-11-21,47,152,152,152,5.92
2017-11-22,46,161,161,161,5.92
2017-11-24,18,79,79,79,5.93
2017-11-27,50,237,237,237,6.08
2017-11-28,45,323,323,323,5.73
2017-11-29,30,266,266,266,5.56
2017-11-30,57,250,250,250,5.6
2017-12-01,43,249,249,249,5.44
2017-12-04,38,236,236,236,5.49
2017-12-05,14,319,319,319,5.56
2017-12-06,39,427,427,427,5.56
2017-12-07,91,352,352,352,5.67
2017-12-08,50,249,249,249,5.73
2017-12-11,29,307,307,307,5.8
2017-12-12,125,261,261,261,5.69
2017-12-13,34,137,137,137,5.69
2017-12-14,67,190,190,190,5.86
2017-12-15,72,198,198,198,6.06
2017-12-18,16,145,145,145,6.07
2017-12-19,38,154,154,154,5.99
2017-12-20,45,170,170,170,6.07
2017-12-21,51,142,142,142,6.05
2017-12-22,40,131,131,131,6.02
2017-12-26,31,95,95,95,5.84
2017-12-27,38,103,103,103,5.87
2017-12-28,37,138,138,138,6.07
2017-12-29,49,130,130,130,5.9
2018-01-02,22,156,156,156,5.92
2018-01-03,43,155,155,155,6.05
2018-01-04,62,202,202,202,6.06
2018-01-05,46,136,136,136,6.01
2018-01-08,25,108,108,108,6.05
2018-01-09,27,132,132,132,6.01
2018-01-10,57,182,182,182,6.02
2018-01-11,82,429,429,429,6.3
2018-01-12,60,290,290,290,6.36
2018-01-16,28,147,147,147,6.06
2018-01-17,54,144,144,144,6.09
2018-01-18,63,181,181,181,5.92
2018-01-19,57,183,183,183,5.94
2018-01-22,55,312,312,312,6.04
2018-01-23,79,475,475,475,6.41
2018-01-24,65,203,203,203,6.39
2018-01-25,82,270,270,270,6.33
2018-01-26,52,193,193,193,6.33
2018-01-29,60,174,174,174,6.66
2018-01-30,58,211,211,211,6.67
2018-01-31,52,159,159,159,6.33
2018-02-01,47,169,169,169,6.07
2018-02-02,47,150,150,150,5.82
2018-02-05,33,150,150,150,5.61
2018-02-06,34,138,138,138,5.55
2018-02-07,54,185,185,185,5.54
2018-02-08,44,235,235,235,5.33
2018-02-09,44,279,279,279,5.37
2018-02-12,69,241,241,241,6.0
2018-02-13,69,248,248,248,5.97
2018-02-14,55,300,300,300,6.42
2018-02-15,46,355,355,355,6.53
2018-02-16,52,190,190,190,6.78
2018-02-20,32,155,155,155,6.73
2018-02-21,57,262,262,262,7.06
2018-02-22,91,302,302,302,6.69
2018-02-23,60,309,309,309,6.865
2018-02-26,28,217,217,217,7.05
2018-02-27,49,266,266,266,6.75
2018-02-28,35,185,185,185,6.69
2018-03-01,44,198,198,198,6.94
2018-03-02,62,202,202,202,7.06
2018-03-05,57,196,196,196,7.2
2018-03-06,169,336,336,336,7.43
2018-03-07,215,412,412,412,6.76
2018-03-08,143,283,283,283,6.91
2018-03-09,148,268,268,268,7.15
2018-03-12,119,268,268,268,7.2
2018-03-13,89,212,212,212,7.27
2018-03-14,97,252,252,252,7.65
2018-03-15,86,228,228,228,7.46
2018-03-16,67,235,235,235,7.66
2018-03-19,77,207,207,207,7.63
2018-03-20,73,277,277,277,8.05
2018-03-21,122,283,283,283,8.64
2018-03-22,80,249,249,249,8.47
2018-03-23,51,173,173,173,8.43
2018-03-26,66,170,170,170,8.73
2018-03-27,88,237,237,237,8.76
2018-03-28,64,200,200,200,8.69
2018-03-29,76,157,157,157,8.93
2018-04-02,53,110,110,110,9.08
2018-04-03,76,234,234,234,9.16
2018-04-04,88,283,283,283,9.82
2018-04-05,77,200,200,200,9.94
2018-04-06,90,187,187,187,8.52
2018-04-09,98,190,190,190,8.19
2018-04-10,72,265,265,265,8.2
2018-04-11,134,268,268,268,8.28
2018-04-12,85,248,248,248,8.47
2018-04-13,69,173,173,173,8.5
2018-04-16,29,163,163,163,8.63
2018-04-17,63,232,232,232,8.75
2018-04-18,76,537,537,537,9.11
2018-04-19,88,321,321,321,8.91
2018-04-20,136,307,307,307,9.27
2018-04-23,180,327,327,327,8.82
2018-04-24,85,257,257,257,8.88
2018-04-25,91,242,242,242,8.99
2018-04-26,93,382,382,382,9.08
2018-04-27,71,376,376,376,9.25
2018-04-30,66,223,223,223,9.22
2018-05-01,76,236,236,236,9.08
2018-05-02,61,222,222,222,9.06
2018-05-03,54,179,179,179,8.89
2018-05-04,84,191,191,191,8.98
2018-05-07,33,142,142,142,9.33
2018-05-08,62,255,255,255,9.43
2018-05-09,165,410,410,410,9.83
2018-05-10,249,495,495,495,11.5
2018-05-11,116,284,284,284,10.69
2018-05-14,49,203,203,203,10.89
2018-05-15,68,199,199,199,10.85
2018-05-16,78,215,215,215,10.64
2018-05-17,50,212,212,212,10.86
2018-05-18,61,252,252,252,10.98
2018-05-21,29,145,145,145,10.91
2018-05-22,14,143,143,143,10.88
2018-05-23,24,176,176,176,10.89
2018-05-24,43,189,189,189,11.01
2018-05-25,53,203,203,203,10.91
2018-05-29,23,165,165,165,11.0
2018-05-30,84,184,184,184,11.5
2018-05-31,108,195,195,195,12.1
2018-06-01,63,141,141,141,12.27
2018-06-04,77,219,219,219,12.32
2018-06-05,80,426,426,426,12.82
2018-06-06,86,459,459,459,12.57
2018-06-07,80,378,378,378,12.28
2018-06-08,59,231,231,231,12.69
2018-06-11,51,208,208,208,12.64
2018-06-12,98,298,298,298,13.49
2018-06-13,97,311,311,311,13.98
2018-06-14,79,233,233,233,14.18
2018-06-15,68,220,220,220,13.63
2018-06-18,57,161,161,161,13.82
2018-06-19,61,184,184,184,13.78
2018-06-20,71,223,223,223,13.86
2018-06-21,58,170,170,170,13.69
2018-06-22,67,224,224,224,13.87
2018-06-25,48,249,249,249,13.45
2018-06-26,62,189,189,189,13.5
2018-06-27,49,188,188,188,13.1
2018-06-28,50,193,193,193,13.05
2018-06-29,79,221,221,221,13.15
2018-07-02,53,184,184,184,14.17
2018-07-03,43,149,149,149,14.18
2018-07-05,99,229,229,229,14.99
2018-07-06,81,169,169,169,15.49
2018-07-09,49,171,171,171,15.95
2018-07-10,54,199,199,199,15.79
2018-07-11,48,176,176,176,15.96
2018-07-12,47,194,194,194,15.96
2018-07-13,34,147,147,147,15.75
2018-07-16,38,135,135,135,15.94
2018-07-17,30,117,117,117,15.17
2018-07-18,26,138,138,138,15.16
2018-07-19,64,191,191,191,15.45
2018-07-20,75,165,165,165,14.38
2018-07-23,113,211,211,211,14.54
2018-07-24,65,178,178,178,14.74
2018-07-25,49,158,158,158,15.11
2018-07-26,68,235,235,235,15.23
2018-07-27,66,331,331,331,14.61
2018-07-30,40,187,187,187,13.85
2018-07-31,66,225,225,225,14.14
2018-08-01,54,157,157,157,14.32
2018-08-02,65,176,176,176,14.77
2018-08-03,104,213,213,213,13.84
2018-08-06,21,99,99,99,13.91
2018-08-07,71,148,148,148,14.02
2018-08-08,66,247,247,247,14.29
2018-08-09,97,285,285,285,14.34
2018-08-10,198,350,350,350,13.29
2018-08-13,60,169,169,169,13.21
2018-08-14,61,204,204,204,13.16
2018-08-15,34,128,128,128,13.26
2018-08-16,32,156,156,156,13.39
2018-08-17,43,140,140,140,12.97
2018-08-20,38,138,138,138,13.88
2018-08-21,29,167,167,167,13.98
2018-08-22,30,154,154,154,14.32
2018-08-23,41,235,235,235,13.57
2018-08-24,17,111,111,111,14.16
2018-08-27,16,163,163,163,13.97
2018-08-28,47,194,194,194,13.39
2018-08-29,33,221,221,221,13.52
2018-08-30,44,206,206,206,13.1
2018-08-31,18,110,110,110,13.12
2018-09-04,24,100,100,100,12.78
2018-09-05,20,99,99,99,12.64
2018-09-06,29,100,100,100,12.33
2018-09-07,14,86,86,86,12.26
2018-09-10,15,68,68,68,11.95
2018-09-11,107,218,218,218,12.7
2018-09-12,67,167,167,167,13.1
2018-09-13,48,157,157,157,13.09
2018-09-14,43,143,143,143,13.13
2018-09-17,33,114,114,114,12.56
2018-09-18,45,255,255,255,12.89
2018-09-19,48,274,274,274,12.75
2018-09-20,31,170,170,170,12.84
2018-09-21,32,129,129,129,12.5
2018-09-24,39,137,137,137,12.51
2018-09-25,44,177,177,177,12.52
2018-09-26,32,163,163,163,12.46
2018-09-27,23,176,176,176,12.07
2018-09-28,30,108,108,108,12.44
2018-10-01,32,96,96,96,12.24
2018-10-02,73,152,152,152,13.54
2018-10-03,41,175,175,175,12.85
2018-10-04,34,147,147,147,12.59
2018-10-05,33,151,151,151,12.48
2018-10-08,38,121,121,121,11.99
2018-10-09,48,123,123,123,12.12
2018-10-10,66,145,145,145,11.19
2018-10-11,38,128,128,128,11.38
2018-10-12,37,112,112,112,12.22
2018-10-15,97,169,169,169,12.41
2018-10-16,46,229,229,229,13.16
2018-10-17,21,141,141,141,13.05
2018-10-18,51,159,159,159,12.72
2018-10-19,71,159,159,159,12.73
2018-10-22,23,121,121,121,12.79
2018-10-23,26,143,143,143,12.38
2018-10-24,39,167,167,167,11.75
2018-10-25,20,183,183,183,11.86
2018-10-26,31,202,202,202,11.44
2018-10-29,203,350,350,350,11.5
2018-10-30,45,213,213,213,11.96
2018-10-31,46,168,168,168,12.26
2018-11-01,63,151,151,151,12.6
2018-11-02,30,121,121,121,13.12
2018-11-05,26,203,203,203,12.66
2018-11-06,28,241,241,241,12.97
2018-11-07,73,224,224,224,13.19
2018-11-08,76,224,224,224,12.59
2018-11-09,70,161,161,161,12.3
2018-11-12,27,107,107,107,12.44
2018-11-13,32,127,127,127,12.13
2018-11-14,47,149,149,149,12.59
2018-11-15,63,141,141,141,13.12
2018-11-16,50,138,138,138,13.07
2018-11-19,23,87,87,87,12.79
2018-11-20,22,90,90,90,11.8
2018-11-21,34,114,114,114,12.29
2018-11-23,14,70,70,70,12.42
2018-11-26,28,167,167,167,13.03
2018-11-27,112,254,254,254,14.11
2018-11-28,76,189,189,189,14.53
2018-11-29,59,154,154,154,14.7
2018-11-30,58,141,141,141,14.65
2018-12-03,45,198,198,198,14.91
2018-12-04,27,183,183,183,14.28
2018-12-06,42,169,169,169,14.61
2018-12-07,41,176,176,176,13.96
2018-12-10,29,129,129,129,14.14
2018-12-11,34,177,177,177,14.12
2018-12-12,44,195,195,195,14.41
2018-12-13,28,141,141,141,14.26
2018-12-14,66,201,201,201,13.02
2018-12-17,30,140,140,140,13.11
2018-12-18,31,121,121,121,12.4
2018-12-19,29,102,102,102,11.94
2018-12-20,53,132,132,132,10.48
2018-12-21,92,159,159,159,10.9
2018-12-24,19,70,70,70,10.52
2018-12-26,33,151,151,151,11.16
2018-12-27,6,131,131,131,10.91
2019-01-07,12,105,105,105,10.56
2019-01-08,28,145,145,145,10.71
2019-01-09,20,159,159,159,11.47
2019-01-10,20,101,101,101,11.51
2019-01-11,29,113,113,113,11.65
2019-01-14,27,121,121,121,11.73
2019-01-15,23,92,92,92,11.74
2019-01-16,22,221,221,221,11.69
2019-01-17,31,189,189,189,12.07
2019-01-18,32,155,155,155,12.16
2019-01-22,26,105,105,105,11.78
2019-01-23,41,133,133,133,11.92
2019-01-24,27,181,181,181,12.01
2019-01-25,21,157,157,157,12.19
2019-01-28,35,111,111,111,12.24
2019-01-29,33,177,177,177,12.23
2019-01-30,36,126,126,126,12.4
2019-01-31,36,142,142,142,13.3
2019-02-01,68,156,156,156,13.32
2019-02-04,32,131,131,131,13.66
2019-02-05,24,152,152,152,13.92
2019-02-06,30,138,138,138,14.33
2019-02-07,90,194,194,194,14.6
2019-02-08,143,232,232,232,14.68
2019-02-11,51,141,141,141,14.9
2019-02-12,73,177,177,177,14.93
2019-02-13,76,223,223,223,15.15
2019-02-14,227,414,414,414,15.1
2019-02-15,130,275,275,275,15.26
2019-02-19,78,191,191,191,15.47
2019-02-20,49,183,183,183,15.46
2019-02-21,55,201,201,201,15.5
2019-02-22,45,241,241,241,15.82
2019-02-25,50,143,143,143,15.71
2019-02-26,25,132,132,132,15.64
2019-02-27,18,112,112,112,15.59
2019-02-28,47,177,177,177,15.51
2019-03-01,106,180,180,180,15.96
2019-03-04,64,170,170,170,16.3
2019-03-05,38,169,169,169,15.57
2019-03-06,12,123,123,123,15.21
2019-03-07,51,230,230,230,14.83
2019-03-08,56,198,198,198,14.73
2019-03-11,39,193,193,193,14.86
2019-03-12,28,170,170,170,14.73
2019-03-13,25,159,159,159,14.73
2019-03-14,23,200,200,200,14.57
2019-03-15,34,163,163,163,14.77
2019-03-18,24,162,162,162,14.83
2019-03-19,66,189,189,189,14.68
2019-03-20,51,198,198,198,14.85
2019-03-21,77,191,191,191,15.1
2019-03-22,36,137,137,137,14.25
2019-03-25,58,156,156,156,14.08
2019-03-26,37,183,183,183,14.23
2019-03-27,47,234,234,234,14.23
2019-03-28,33,167,167,167,14.27
2019-03-29,53,158,158,158,14.06
2019-04-01,33,164,164,164,14.18
2019-04-02,46,211,211,211,14.22
2019-04-03,19,232,232,232,14.87
2019-04-04,48,180,180,180,14.82
2019-04-05,169,266,266,266,15.24
2019-04-08,44,150,150,150,15.39
2019-04-09,30,139,139,139,14.96
2019-04-10,37,317,317,317,15.84
2019-04-11,57,186,186,186,15.86
2019-04-12,49,150,150,150,15.68
2019-04-15,71,201,201,201,15.62
2019-04-16,45,257,257,257,16.08
2019-04-17,49,180,180,180,16.51
2019-04-18,50,142,142,142,16.27
2019-04-22,37,126,126,126,16.27
2019-04-23,27,128,128,128,16.69
2019-04-24,28,106,106,106,16.91
2019-04-25,40,128,128,128,16.93
2019-04-26,32,166,166,166,17.1
2019-04-29,27,87,87,87,17.13
2019-04-30,84,206,206,206,15.21
2019-05-01,38,138,138,138,15.34
2019-05-02,41,171,171,171,15.44
2019-05-03,75,216,216,216,16.0
2019-05-06,45,150,150,150,16.46
2019-05-07,36,179,179,179,16.75
2019-05-08,111,307,307,307,16.6
2019-05-09,111,262,262,262,15.53
2019-05-10,52,200,200,200,15.07
2019-05-13,29,135,135,135,14.3
2019-05-14,43,170,170,170,14.77
2019-05-15,29,225,225,225,14.78
2019-05-16,52,183,183,183,16.07
2019-05-17,26,173,173,173,15.8
2019-05-20,31,128,128,128,15.71
2019-05-21,47,219,219,219,16.62
2019-05-22,47,148,148,148,16.7
2019-05-23,43,163,163,163,15.45
2019-05-24,43,116,116,116,15.64
2019-05-28,19,141,141,141,15.49
2019-05-29,40,215,215,215,15.58
2019-05-30,22,113,113,113,15.95
2019-05-31,29,102,102,102,15.66
2019-06-03,20,88,88,88,15.89
2019-06-04,55,161,161,161,16.0
2019-06-05,36,150,150,150,16.18
2019-06-06,20,81,81,81,16.19
2019-06-07,47,129,129,129,16.34
2019-06-10,28,123,123,123,16.6
2019-06-11,29,117,117,117,16.51
2019-06-12,43,200,200,200,16.3
2019-06-13,64,182,182,182,16.9
2019-06-14,74,174,174,174,16.46
2019-06-17,44,155,155,155,17.09
2019-06-18,111,606,606,606,18.27
2019-06-19,118,386,386,386,18.26
2019-06-20,95,245,245,245,18.75
2019-06-21,61,178,178,178,18.52
2019-06-24,45,150,150,150,18.68
2019-06-25,53,188,188,188,18.3
2019-06-26,57,237,237,237,18.38
2019-06-27,41,131,131,131,18.6
2019-06-28,33,86,86,86,18.76
2019-07-01,103,194,194,194,19.83
2019-07-02,97,221,221,221,20.33
2019-07-03,34,147,147,147,20.22
2019-07-05,29,147,147,147,20.21
2019-07-08,21,145,145,145,19.82
2019-07-09,30,116,116,116,19.87
2019-07-10,25,109,109,109,19.89
2019-07-11,25,140,140,140,19.64
2019-07-12,40,115,115,115,19.91
2019-07-15,42,106,106,106,19.72
2019-07-16,70,176,176,176,20.22
2019-07-17,109,182,182,182,20.39
2019-07-18,133,185,185,185,19.98
2019-07-19,71,130,130,130,19.77
2019-07-22,54,200,200,200,19.89
2019-07-23,87,206,206,206,18.79
2019-07-24,51,129,129,129,18.7
2019-07-25,36,125,125,125,18.74
2019-07-26,38,94,94,94,18.77
2019-07-29,35,110,110,110,18.64
2019-07-30,33,125,125,125,19.12
2019-07-31,47,224,224,224,19.05
2019-08-01,74,492,492,492,19.63
2019-08-02,30,164,164,164,19.49
2019-08-05,30,206,206,206,18.38
2019-08-06,60,222,222,222,18.72
2019-08-07,105,207,207,207,19.98
2019-08-08,81,182,182,182,18.74
2019-08-09,69,128,128,128,16.36
2019-08-12,29,80,80,80,16.01
2019-08-13,37,132,132,132,16.14
2019-08-14,26,96,96,96,15.13
2019-08-15,51,148,148,148,14.69
2019-08-16,55,118,118,118,15.39
2019-08-19,26,94,94,94,15.77
2019-08-20,51,135,135,135,15.89
2019-08-21,39,154,154,154,15.65
2019-08-22,46,121,121,121,15.47
2019-08-23,22,137,137,137,14.66
2019-08-26,30,99,99,99,15.18
2019-08-27,59,122,122,122,14.84
2019-08-28,67,126,126,126,14.82
2019-08-29,94,173,173,173,15.17
2019-08-30,76,170,170,170,15.33
2019-09-03,111,188,188,188,14.79
2019-09-04,134,219,219,219,15.33
2019-09-05,106,212,212,212,15.3
2019-09-06,92,174,174,174,15.03
2019-09-09,68,223,223,223,14.95
2019-09-10,87,245,245,245,14.93
2019-09-11,104,224,224,224,15.64
2019-09-12,96,216,216,216,15.83
2019-09-13,64,178,178,178,15.96
2019-09-16,71,233,233,233,16.46
2019-09-17,75,293,293,293,17.48
2019-09-18,106,335,335,335,17.37
2019-09-19,113,308,308,308,17.46
2019-09-20,87,217,217,217,17.3
2019-09-23,72,176,176,176,17.54
2019-09-24,81,187,187,187,16.68
2019-09-25,71,164,164,164,16.93
2019-09-26,130,227,227,227,16.64
2019-09-27,92,226,226,226,16.14
2019-09-30,43,143,143,143,16.705
2019-10-01,87,200,200,200,16.26
2019-10-02,91,153,153,153,15.5
2019-10-03,76,211,211,211,15.77
2019-10-04,77,188,188,188,16.22
2019-10-07,73,289,289,289,16.52
2019-10-08,69,216,216,216,16.55
2019-10-09,98,193,193,193,16.685
2019-10-10,93,163,163,163,16.94
2019-10-11,78,175,175,175,17.51
2019-10-14,51,144,144,144,17.21
2019-10-15,61,169,169,169,17.215
2019-10-16,47,187,187,187,16.935
2019-10-17,58,182,182,182,16.77
2019-10-18,43,172,172,172,17.0
2019-10-21,48,250,250,250,17.05
2019-10-22,88,223,223,223,15.26
2019-10-23,54,199,199,199,15.93
2019-10-24,54,231,231,231,15.67
2019-10-25,51,229,229,229,15.24
2019-10-28,62,204,204,204,15.86
2019-10-29,64,201,201,201,15.97
2019-10-30,53,231,231,231,15.86
2019-10-31,46,211,211,211,15.54
2019-11-01,42,152,152,152,15.59
2019-11-04,42,176,176,176,14.915
2019-11-05,54,213,213,213,14.95
2019-11-06,69,219,219,219,14.85
2019-11-07,49,238,238,238,14.77
2019-11-08,47,158,158,158,14.74
2019-11-11,52,330,330,330,14.43
2019-11-12,94,299,299,299,14.485
2019-11-13,125,410,410,410,13.77
2019-11-14,113,367,367,367,14.4
2019-11-15,65,160,160,160,14.71
2019-11-18,59,267,267,267,14.44
2019-11-19,59,182,182,182,14.09
2019-11-20,59,196,196,196,13.54
2019-11-21,53,196,196,196,13.42
2019-11-22,56,190,190,190,13.49
2019-11-25,48,239,239,239,13.75
2019-11-26,42,241,241,241,13.79
2019-11-27,56,219,219,219,13.99
2019-11-29,38,133,133,133,13.88
2019-12-02,44,170,170,170,13.55
2019-12-03,65,236,236,236,13.51
2019-12-04,53,179,179,179,13.35
2019-12-05,43,229,229,229,13.21
2019-12-06,44,241,241,241,13.62
2019-12-09,49,150,150,150,13.31
2019-12-10,72,170,170,170,13.26
2019-12-11,62,171,171,171,13.19
2019-12-12,85,159,159,159,14.17
2019-12-13,71,153,153,153,13.94
2019-12-16,43,146,146,146,14.26
2019-12-17,49,109,109,109,14.29
2019-12-18,50,111,111,111,14.67
2019-12-19,60,203,203,203,14.79
2019-12-20,49,120,120,120,14.37
2019-12-23,40,112,112,112,14.4
2019-12-24,38,98,98,98,14.59
2019-12-26,41,112,112,112,14.55
2019-12-27,34,100,100,100,14.16
2019-12-30,38,100,100,100,13.74
2019-12-31,38,105,105,105,13.81
2020-01-02,52,121,121,121,14.185
2020-01-03,55,154,154,154,14.37
2020-01-06,42,281,281,281,14.38
2020-01-07,62,292,292,292,14.7
2020-01-08,42,237,237,237,14.64
2020-01-09,45,240,240,240,15.0
2020-01-10,58,198,198,198,14.91
2020-01-13,54,268,268,268,15.24
2020-01-14,47,204,204,204,15.27
2020-01-15,43,304,304,304,15.19
2020-01-16,91,241,241,241,16.6
2020-01-17,88,185,185,185,17.18
2020-01-21,45,180,180,180,17.37
2020-01-22,26,134,134,134,16.85
2020-01-23,40,149,149,149,16.955
2020-01-24,56,155,155,155,16.79
2020-01-27,76,160,160,160,16.33
2020-01-28,42,136,136,136,16.96
2020-01-29,40,126,126,126,16.95
2020-01-30,61,169,169,169,17.48
2020-01-31,39,122,122,122,17.03
2020-02-03,28,101,101,101,17.54
2020-02-04,70,339,339,339,18.25
2020-02-05,39,225,225,225,18.99
2020-02-06,49,175,175,175,19.13
2020-02-07,66,153,153,153,18.95
2020-02-10,38,117,117,117,19.96
2020-02-11,30,145,145,145,20.13
2020-02-12,67,311,311,311,21.3
2020-02-13,54,275,275,275,21.3
2020-02-14,47,179,179,179,21.42
2020-02-18,38,261,261,261,21.77
2020-02-19,69,607,607,607,22.48
2020-02-20,74,680,680,680,23.4
2020-02-21,45,471,471,471,21.95
2020-02-24,37,301,301,301,22.13
2020-02-25,33,208,208,208,20.8
2020-02-26,63,219,219,219,20.91
2020-02-27,66,212,212,212,20.27
2020-02-28,82,187,187,187,19.34
2020-03-02,24,102,102,102,19.36
2020-03-03,29,128,128,128,19.515
2020-03-04,35,154,154,154,20.8
2020-03-05,65,300,300,300,21.3
2020-03-06,29,143,143,143,20.22
2020-03-09,45,138,138,138,16.79
2020-03-10,45,158,158,158,16.72
2020-03-11,19,109,109,109,15.05
2020-03-12,24,97,97,97,11.68
2020-03-13,32,93,93,93,11.2
2020-03-16,117,171,171,171,9.49
2020-03-17,35,107,107,107,9.92
2020-03-18,24,116,116,116,8.9
2020-03-19,34,142,142,142,9.11
2020-03-20,80,187,187,187,8.36
2020-03-23,40,92,92,92,9.02
2020-03-24,32,92,92,92,11.16
2020-03-25,27,96,96,96,12.16
2020-03-26,13,114,114,114,12.38
2020-03-27,43,135,135,135,10.22
2020-03-30,17,101,101,101,9.81
2020-03-31,37,94,94,94,10.1
2020-04-01,28,140,140,140,9.32
2020-04-02,43,145,145,145,9.8
2020-04-03,26,106,106,106,8.85
2020-04-06,20,64,64,64,9.98
2020-04-07,78,127,127,127,10.57
2020-04-08,51,138,138,138,11.47
2020-04-09,20,113,113,113,11.73
2020-04-13,15,90,90,90,11.1
2020-04-14,21,148,148,148,12.065
2020-04-15,16,119,119,119,11.46
2020-04-16,33,173,173,173,11.11
2020-04-17,26,101,101,101,11.87
2020-04-20,27,111,111,111,12.35
2020-04-21,42,152,152,152,12.01
2020-04-22,36,164,164,164,12.64
2020-04-23,31,150,150,150,13.11
2020-04-24,26,112,112,112,12.94
2020-04-27,21,75,75,75,13.52
2020-04-28,14,93,93,93,13.69
2020-04-29,17,124,124,124,14.8
2020-04-30,18,147,147,147,14.03
2020-05-01,20,111,111,111,12.96
2020-05-04,12,62,62,62,13.425
2020-05-05,20,133,133,133,13.25
2020-05-06,37,219,219,219,13.87
2020-05-07,76,369,369,369,13.81
2020-05-08,91,272,272,272,14.77
2020-05-11,14,139,139,139,14.56
2020-05-12,18,100,100,100,13.97
2020-05-13,75,214,214,214,13.54
2020-05-14,33,200,200,200,13.965
2020-05-15,37,171,171,171,14.07
2020-05-18,34,145,145,145,15.14
2020-05-19,13,276,276,276,15.51
2020-05-20,15,206,206,206,15.91
2020-05-21,17,115,115,115,16.07
2020-05-22,9,113,113,113,15.86
2020-05-26,29,221,221,221,16.33
2020-05-27,9,206,206,206,16.85
2020-05-28,29,153,153,153,16.43
2020-05-29,43,157,157,157,16.7
2020-06-01,22,98,98,98,17.67
2020-06-02,10,83,83,83,17.94
2020-06-03,12,114,114,114,18.6
2020-06-04,86,212,212,212,18.285
2020-06-05,33,96,96,96,18.69
2020-06-08,14,139,139,139,19.64
2020-06-09,24,229,229,229,19.33
2020-06-10,17,257,257,257,18.62
2020-06-11,26,176,176,176,17.165
2020-06-12,24,122,122,122,17.93
2020-06-15,23,123,123,123,18.99
2020-06-16,56,217,217,217,20.1
2020-06-17,72,229,229,229,19.29
2020-06-18,109,335,335,335,19.8
2020-06-19,79,211,211,211,19.895
2020-06-22,110,275,275,275,19.97
2020-06-23,27,594,594,594,19.74
2020-06-24,30,747,747,747,19.72
2020-06-25,44,298,298,298,19.88
2020-06-26,35,251,251,251,18.58
2020-06-29,21,372,372,372,19.52
2020-06-30,22,337,337,337,19.72
2020-07-01,22,583,583,583,19.84
2020-07-02,24,431,431,431,20.0
2020-07-06,38,579,579,579,21.34
2020-07-07,966,1281,1281,1281,26.17
2020-07-08,369,783,783,783,28.27
2020-07-09,129,608,608,608,27.83
2020-07-10,56,307,307,307,28.885
2020-07-13,138,363,363,363,30.09
2020-07-14,111,377,377,377,33.78
2020-07-15,133,395,395,395,35.815
2020-07-16,107,333,333,333,36.65
2020-07-17,100,278,278,278,36.81
2020-07-20,75,344,344,344,38.4
2020-07-21,73,378,378,378,38.98
2020-07-22,78,329,329,329,40.35
2020-07-23,96,368,368,368,42.46
2020-07-24,65,339,339,339,40.99
2020-07-27,61,401,401,401,42.5
2020-07-28,50,239,239,239,40.46
2020-07-29,66,247,247,247,36.605
2020-07-30,68,258,258,258,36.67
2020-07-31,103,268,268,268,36.69
2020-08-03,93,456,456,456,39.78
2020-08-04,81,352,352,352,43.54
2020-08-05,86,364,364,364,46.4
2020-08-06,72,757,757,757,46.53
2020-08-07,50,530,530,530,46.0
2020-08-10,131,448,448,448,47.28
2020-08-11,135,387,387,387,42.37
2020-08-12,86,489,489,489,44.94
2020-08-13,69,464,464,464,46.73
2020-08-14,40,307,307,307,45.63
2020-08-17,68,327,327,327,47.73
2020-08-18,91,494,494,494,46.31
2020-08-19,100,792,792,792,48.14
2020-08-20,76,545,545,545,45.995
2020-08-21,87,669,669,669,48.23
2020-08-24,133,474,474,474,51.0
2020-08-25,74,331,331,331,50.79
2020-08-26,49,443,443,443,50.03
2020-08-27,60,367,367,367,52.1
2020-08-28,102,396,396,396,55.51
2020-08-31,86,278,278,278,56.555
2020-09-01,84,463,463,463,58.27
2020-09-02,59,371,371,371,57.075
2020-09-03,63,360,360,360,51.15
2020-09-04,74,317,317,317,49.225
2020-09-08,84,307,307,307,51.89
2020-09-09,58,272,272,272,55.24
2020-09-10,59,264,264,264,56.19
2020-09-11,52,193,193,193,55.88
2020-09-14,62,234,234,234,59.1
2020-09-15,70,260,260,260,61.01
2020-09-16,98,336,336,336,62.33
2020-09-17,68,327,327,327,59.52
2020-09-18,109,394,394,394,60.86
2020-09-21,79,430,430,430,60.2
2020-09-22,75,399,399,399,62.8
2020-09-23,112,393,393,393,61.72
2020-09-24,92,423,423,423,60.63
2020-09-25,137,407,407,407,66.46
2020-09-28,109,798,798,798,71.98
2020-09-29,124,552,552,552,72.8
2020-09-30,154,593,593,593,77.07
2020-10-01,150,573,573,573,79.97
2020-10-02,102,390,390,390,76.45
2020-10-05,81,818,818,818,78.62
2020-10-06,121,723,723,723,78.57
2020-10-07,115,1052,1052,1052,78.05
2020-10-08,271,1038,1038,1038,70.54
2020-10-09,148,718,718,718,71.43
2020-10-12,175,635,635,635,63.79
2020-10-13,148,548,548,548,65.35
2020-10-14,126,510,510,510,63.27
2020-10-15,135,469,469,469,64.21
2020-10-16,134,540,540,540,62.39
2020-10-19,112,595,595,595,62.38
2020-10-20,91,489,489,489,62.58
2020-10-21,157,523,523,523,56.82
2020-10-22,101,546,546,546,57.47
2020-10-23,73,421,421,421,56.03
2020-10-26,100,437,437,437,56.3
2020-10-27,119,642,642,642,54.66
2020-10-28,75,810,810,810,55.84
2020-10-29,40,410,410,410,54.26
2020-10-30,59,289,289,289,52.02
2020-11-02,63,495,495,495,54.18
2020-11-03,76,655,655,655,54.0
2020-11-04,90,507,507,507,54.0
2020-11-05,160,751,751,751,58.0
2020-11-06,93,454,454,454,57.73
2020-11-09,66,766,766,766,55.49
2020-11-10,32,515,515,515,53.59
2020-11-11,71,811,811,811,54.0
2020-11-12,94,702,702,702,53.38
2020-11-13,55,463,463,463,55.4
2020-11-16,42,655,655,655,55.53
2020-11-17,109,836,836,836,58.49
2020-11-18,64,558,558,558,56.73
2020-11-19,82,522,522,522,59.5
2020-11-20,152,519,519,519,61.44
2020-11-23,129,815,815,815,63.79
2020-11-24,137,846,846,846,66.34
2020-11-25,66,519,519,519,67.97
2020-11-27,27,320,320,320,66.75
2020-11-30,61,483,483,483,64.08
2020-12-01,112,549,549,549,62.49
2020-12-02,63,498,498,498,60.99
2020-12-03,88,588,588,588,58.24
2020-12-04,80,444,444,444,57.71
2020-12-07,42,332,332,332,58.63
2020-12-08,43,786,786,786,61.31
2020-12-09,58,477,477,477,57.12
2020-12-10,33,322,322,322,57.58
2020-12-11,28,279,279,279,58.28
2020-12-14,30,321,321,321,57.1
2020-12-15,99,927,927,927,63.17
2020-12-16,91,542,542,542,61.8
2020-12-17,72,598,598,598,62.31
2020-12-18,204,843,843,843,62.7
2020-12-21,124,597,597,597,66.18
2020-12-22,169,1079,1079,1079,69.27
2020-12-23,126,700,700,700,69.87
2020-12-24,68,347,347,347,68.62
2020-12-28,100,452,452,452,67.88
2020-12-29,53,386,386,386,63.77
2020-12-30,71,436,436,436,67.4
2020-12-31,62,300,300,300,69.38
2021-01-04,64,346,346,346,69.98
2021-01-05,131,587,587,587,73.09
2021-01-06,297,1234,1234,1234,85.17
2021-01-07,219,2622,2622,2622,90.92
2021-01-08,139,1569,1569,1569,96.5
2021-01-11,106,732,732,732,95.62
2021-01-12,89,2343,2343,2343,93.44
2021-01-13,100,2030,2030,2030,90.63
2021-01-14,45,1275,1275,1275,88.92
2021-01-15,91,992,992,992,84.25
2021-01-19,76,1102,1102,1102,85.62
2021-01-20,149,1030,1030,1030,81.9
2021-01-21,330,1329,1329,1329,87.41
2021-01-22,147,1035,1035,1035,86.39
2021-01-25,154,1009,1009,1009,78.61
2021-01-26,106,1666,1666,1666,75.71
2021-01-27,123,1291,1291,1291,69.82
2021-01-28,113,1073,1073,1073,71.84
2021-01-29,82,743,743,743,69.27
2021-02-01,68,783,783,783,69.88
2021-02-02,132,1034,1034,1034,71.22
2021-02-03,142,1115,1115,1115,74.12
2021-02-04,135,974,974,974,73.9
2021-02-05,139,828,828,828,75.08
2021-02-08,100,756,756,756,75.4
2021-02-09,98,1026,1026,1026,77.57
2021-02-10,75,773,773,773,78.08
2021-02-11,136,771,771,771,82.2
2021-02-12,78,552,552,552,83.68
2021-02-16,73,851,851,851,77.22
2021-02-17,149,911,911,911,74.2
2021-02-18,95,914,914,914,67.09
2021-02-19,118,941,941,941,68.5
2021-02-22,77,696,696,696,63.39
2021-02-23,92,880,880,880,60.33
2021-02-24,82,758,758,758,62.56
2021-02-25,164,1196,1196,1196,57.98
2021-02-26,100,816,816,816,62.58
2021-03-01,83,816,816,816,67.15
2021-03-02,65,693,693,693,64.34
2021-03-03,93,587,587,587,56.62
2021-03-04,60,622,622,622,53.42
2021-03-05,74,701,701,701,52.47
2021-03-08,85,610,610,610,47.55
2021-03-09,79,1118,1118,1118,53.68
2021-03-10,163,1218,1218,1218,55.6
2021-03-11,105,993,993,993,63.46
2021-03-12,62,603,603,603,62.29
2021-03-15,43,684,684,684,62.12
2021-03-16,94,969,969,969,56.77
2021-03-17,61,2204,2204,2204,57.01
2021-03-19,79,646,646,646,55.58
2021-03-22,125,676,676,676,57.38
2021-03-23,256,727,727,727,56.15
2021-03-24,77,486,486,486,55.25
2021-03-25,61,613,613,613,53.0
2021-03-26,80,8921,8921,8921,57.09
2021-03-29,127,6835,6835,6835,51.91
2021-03-30,127,9427,9427,9427,57.92
2021-03-31,107,10710,10710,10710,60.48
